trading_date,symbol,open,high,low,close,volume
2021-09-27,RELIANCE,1147.75,1167.55,1142.35,1165.03,15373834
2021-09-28,RELIANCE,1169.44,1183.7,1159.66,1175.92,18035258
2021-09-29,RELIANCE,1186.05,1186.05,1163.0,1166.6,9719875
2021-09-30,RELIANCE,1165.29,1169.72,1153.91,1162.63,13590654
2021-10-01,RELIANCE,1154.65,1172.12,1151.44,1164.69,8958928
2021-10-04,RELIANCE,1178.21,1188.29,1170.85,1179.66,10918552
2021-10-05,RELIANCE,1179.18,1205.44,1175.6,1204.15,13533634
2021-10-06,RELIANCE,1209.11,1209.11,1177.33,1181.37,10258881
2021-10-07,RELIANCE,1197.59,1199.32,1184.99,1187.16,6336665
2021-10-08,RELIANCE,1193.09,1238.85,1191.36,1232.78,15772493
2021-10-11,RELIANCE,1246.7,1255.28,1220.83,1224.2,14768666
2021-10-12,RELIANCE,1220.67,1238.2,1218.94,1231.19,6682011
2021-10-13,RELIANCE,1236.36,1255.05,1231.88,1243.72,9959762
2021-10-14,RELIANCE,1246.21,1254.1,1240.14,1246.23,8623469
2021-10-18,RELIANCE,1231.56,1266.82,1228.65,1249.56,13594479
2021-10-19,RELIANCE,1257.03,1269.75,1249.74,1260.75,8833409
2021-10-20,RELIANCE,1265.78,1265.78,1242.13,1246.23,12710570
2021-10-21,RELIANCE,1258.69,1258.97,1201.38,1210.28,20831669
2021-10-22,RELIANCE,1209.13,1229.85,1205.21,1212.54,11027475
2021-10-25,RELIANCE,1236.82,1236.82,1186.05,1200.73,17198417
2021-10-26,RELIANCE,1207.79,1231.7,1201.35,1228.07,9750178
2021-10-27,RELIANCE,1223.9,1235.34,1209.11,1212.54,9896298
2021-10-28,RELIANCE,1209.13,1217.41,1195.52,1199.25,9886181
2021-10-29,RELIANCE,1198.12,1198.12,1154.53,1170.48,14233025
2021-11-01,RELIANCE,1170.48,1179.59,1151.03,1171.19,15481114
2021-11-02,RELIANCE,1174.52,1175.9,1151.56,1154.12,10569130
2021-11-03,RELIANCE,1156.54,1162.98,1135.75,1146.18,11989430
2021-11-04,RELIANCE,1150.5,1156.01,1149.13,1153.22,1705656
2021-11-08,RELIANCE,1162.7,1162.98,1133.63,1154.65,20337183
2021-11-09,RELIANCE,1156.06,1167.09,1147.77,1163.76,15682497
2021-11-10,RELIANCE,1161.46,1180.52,1155.43,1176.78,10253470
2021-11-11,RELIANCE,1172.23,1186.29,1170.16,1178.92,10722478
2021-11-12,RELIANCE,1182.78,1199.32,1180.06,1196.72,8712341
2021-11-15,RELIANCE,1199.9,1200.91,1186.05,1189.65,4803269
2021-11-16,RELIANCE,1187.0,1188.36,1151.44,1162.01,11337581
2021-11-17,RELIANCE,1153.27,1153.27,1135.75,1137.14,10202029
2021-11-18,RELIANCE,1135.29,1148.67,1130.7,1141.43,8505625
2021-11-22,RELIANCE,1124.26,1130.21,1084.99,1090.87,24124307
2021-11-23,RELIANCE,1076.7,1108.18,1065.6,1101.07,25326999
2021-11-24,RELIANCE,1098.37,1112.17,1081.55,1085.17,16820296
2021-11-25,RELIANCE,1095.14,1154.67,1087.82,1150.5,42401936
2021-11-26,RELIANCE,1138.89,1143.41,1108.29,1113.41,15763138
2021-11-29,RELIANCE,1125.64,1153.75,1107.18,1126.75,24325354
2021-11-30,RELIANCE,1138.98,1142.63,1102.45,1110.09,32172299
2021-12-01,RELIANCE,1122.83,1141.75,1119.18,1138.52,10104610
2021-12-02,RELIANCE,1139.77,1152.0,1136.03,1145.83,12720411
2021-12-03,RELIANCE,1153.01,1153.06,1107.6,1111.41,19222481
2021-12-06,RELIANCE,1114.98,1119.14,1087.82,1090.34,10332254
2021-12-07,RELIANCE,1096.59,1109.45,1089.14,1099.22,11235122
2021-12-08,RELIANCE,1118.72,1122.28,1110.51,1115.95,8744178
2021-12-09,RELIANCE,1123.75,1142.17,1119.14,1133.65,13213547
2021-12-10,RELIANCE,1126.17,1138.06,1121.61,1134.81,8364414
2021-12-13,RELIANCE,1141.52,1141.8,1109.45,1112.05,12901733
2021-12-14,RELIANCE,1098.37,1110.37,1095.32,1098.44,12991523
2021-12-15,RELIANCE,1100.22,1109.91,1089.65,1095.23,9366969
2021-12-16,RELIANCE,1110.23,1114.75,1093.13,1109.4,9761279
2021-12-17,RELIANCE,1106.7,1111.29,1070.68,1080.12,21049821
2021-12-20,RELIANCE,1069.69,1069.69,1037.04,1051.0,14325846
2021-12-21,RELIANCE,1066.69,1082.68,1057.85,1066.64,12836561
2021-12-22,RELIANCE,1072.94,1094.63,1071.6,1091.95,17658543
2021-12-23,RELIANCE,1095.6,1098.37,1088.24,1091.56,9072401
2021-12-24,RELIANCE,1093.75,1103.91,1078.78,1095.05,7886494
2021-12-27,RELIANCE,1089.85,1097.45,1083.65,1093.87,4017223
2021-12-28,RELIANCE,1096.34,1109.84,1095.16,1106.86,6374613
2021-12-29,RELIANCE,1103.45,1116.37,1099.34,1108.75,15425312
2021-12-30,RELIANCE,1107.6,1109.88,1082.49,1088.72,29333171
2021-12-31,RELIANCE,1095.14,1100.17,1089.14,1092.9,9477290
2022-01-03,RELIANCE,1091.45,1111.27,1090.78,1109.38,5421611
2022-01-04,RELIANCE,1114.94,1135.75,1109.45,1134.41,10847728
2022-01-05,RELIANCE,1136.21,1143.14,1122.81,1139.72,11643813
2022-01-06,RELIANCE,1131.23,1132.52,1111.75,1115.21,14447422
2022-01-07,RELIANCE,1121.88,1134.39,1112.93,1124.21,13112115
2022-01-10,RELIANCE,1131.6,1133.91,1115.01,1125.14,9246731
2022-01-11,RELIANCE,1124.21,1142.19,1123.75,1133.24,16205164
2022-01-12,RELIANCE,1140.5,1165.26,1137.6,1163.49,14800442
2022-01-13,RELIANCE,1163.56,1172.67,1157.63,1170.04,11856712
2022-01-14,RELIANCE,1169.9,1184.81,1165.68,1171.75,19930176
2022-01-17,RELIANCE,1171.29,1183.75,1170.83,1177.86,8036453
2022-01-18,RELIANCE,1179.02,1182.52,1161.02,1163.81,6215029
2022-01-19,RELIANCE,1167.59,1173.13,1157.9,1163.72,9755485
2022-01-20,RELIANCE,1153.77,1158.34,1132.98,1143.34,16494486
2022-01-21,RELIANCE,1131.6,1154.79,1131.6,1143.53,13338594
2022-01-24,RELIANCE,1142.21,1155.94,1086.88,1097.4,21868937
2022-01-25,RELIANCE,1084.32,1102.36,1063.76,1095.25,24510205
2022-01-27,RELIANCE,1078.06,1087.34,1066.55,1079.03,20020431
2022-01-28,RELIANCE,1091.45,1096.48,1074.56,1077.99,14667727
2022-01-31,RELIANCE,1089.23,1110.55,1087.39,1101.42,12143683
2022-02-01,RELIANCE,1111.29,1117.11,1083.19,1097.77,13200509
2022-02-02,RELIANCE,1110.83,1110.83,1096.11,1100.01,10017691
2022-02-03,RELIANCE,1103.91,1108.27,1083.23,1085.79,9572839
2022-02-04,RELIANCE,1080.37,1083.81,1071.19,1075.89,11061241
2022-02-07,RELIANCE,1080.83,1087.66,1063.76,1069.34,10714467
2022-02-08,RELIANCE,1075.59,1089.14,1066.06,1087.32,12060849
2022-02-09,RELIANCE,1094.29,1101.69,1088.22,1099.98,11486225
2022-02-10,RELIANCE,1105.62,1105.62,1091.49,1098.85,12464491
2022-02-11,RELIANCE,1095.25,1100.45,1081.8,1096.71,15943370
2022-02-14,RELIANCE,1080.03,1086.81,1067.45,1079.24,10719633
2022-02-15,RELIANCE,1085.08,1118.63,1077.93,1115.88,11212671
2022-02-16,RELIANCE,1121.44,1122.83,1105.73,1113.58,10392840
2022-02-17,RELIANCE,1116.88,1132.94,1112.21,1127.67,12853252
2022-02-18,RELIANCE,1128.09,1133.63,1116.9,1118.86,6775458
2022-02-21,RELIANCE,1113.14,1124.91,1100.49,1107.55,11107193
2022-02-22,RELIANCE,1085.86,1105.71,1083.21,1102.52,13494914
2022-02-23,RELIANCE,1108.11,1110.62,1092.83,1095.62,7310110
2022-02-24,RELIANCE,1063.76,1079.86,1035.33,1041.03,24846650
2022-02-25,RELIANCE,1052.27,1065.12,1050.49,1054.04,14570089
2022-02-28,RELIANCE,1035.14,1092.53,1035.14,1088.93,21297446
2022-03-02,RELIANCE,1077.35,1108.06,1074.93,1106.93,21471786
2022-03-03,RELIANCE,1107.6,1114.45,1093.78,1097.59,10186748
2022-03-04,RELIANCE,1085.91,1091.12,1070.84,1073.24,10805667
2022-03-07,RELIANCE,1051.62,1067.03,1025.45,1033.55,17983310
2022-03-08,RELIANCE,1020.61,1036.53,1006.07,1031.68,21289374
2022-03-09,RELIANCE,1031.91,1092.37,1031.06,1086.42,20414228
2022-03-10,RELIANCE,1107.6,1109.91,1089.14,1104.02,17980493
2022-03-11,RELIANCE,1096.55,1112.68,1096.55,1107.21,12257423
2022-03-14,RELIANCE,1101.55,1118.86,1095.6,1116.3,8340678
2022-03-15,RELIANCE,1120.5,1120.5,1080.3,1090.73,15925769
2022-03-16,RELIANCE,1099.29,1111.25,1097.03,1109.15,11149828
2022-03-17,RELIANCE,1122.71,1152.55,1114.57,1145.3,21422098
2022-03-21,RELIANCE,1127.91,1146.37,1125.6,1138.7,11999466
2022-03-22,RELIANCE,1135.34,1169.88,1132.34,1168.13,22557065
2022-03-23,RELIANCE,1164.36,1183.68,1164.36,1171.84,15462187
2022-03-24,RELIANCE,1158.36,1192.58,1158.36,1190.05,13168266
2022-03-25,RELIANCE,1191.82,1207.28,1189.29,1197.98,14222488
2022-03-28,RELIANCE,1204.51,1213.63,1193.67,1210.03,9891424
2022-03-29,RELIANCE,1217.44,1217.44,1203.31,1210.31,8684065
2022-03-30,RELIANCE,1218.31,1240.51,1207.79,1233.57,15811550
2022-03-31,RELIANCE,1229.87,1232.07,1213.1,1215.94,13223718
2022-04-01,RELIANCE,1216.51,1229.97,1210.05,1225.67,7922880
2022-04-04,RELIANCE,1225.49,1234.51,1219.12,1229.3,7929162
2022-04-05,RELIANCE,1223.48,1232.16,1209.45,1211.92,13149870
2022-04-06,RELIANCE,1193.95,1215.82,1193.95,1208.69,12257215
2022-04-07,RELIANCE,1197.64,1202.67,1184.67,1187.37,15496499
2022-04-08,RELIANCE,1181.44,1211.44,1181.44,1207.12,15152495
2022-04-11,RELIANCE,1199.9,1217.69,1192.05,1204.61,9254209
2022-04-12,RELIANCE,1193.9,1201.1,1179.32,1181.92,13217742
2022-04-13,RELIANCE,1188.13,1196.48,1174.75,1177.59,10354235
2022-04-18,RELIANCE,1168.98,1181.35,1163.81,1173.99,9974224
2022-04-19,RELIANCE,1180.52,1231.28,1177.31,1218.73,26141820
2022-04-20,RELIANCE,1226.25,1261.74,1222.56,1254.56,25072240
2022-04-21,RELIANCE,1269.54,1287.12,1260.82,1283.94,21708633
2022-04-22,RELIANCE,1273.23,1293.12,1266.45,1273.19,15054154
2022-04-25,RELIANCE,1265.62,1273.0,1229.27,1243.74,17063215
2022-04-26,RELIANCE,1250.66,1289.89,1249.6,1280.96,12227666
2022-04-27,RELIANCE,1271.82,1305.12,1271.46,1282.21,19338945
2022-04-28,RELIANCE,1296.79,1315.74,1285.78,1301.36,25614076
2022-04-29,RELIANCE,1318.11,1318.11,1281.72,1287.7,18214862
2022-05-02,RELIANCE,1274.66,1294.74,1272.84,1283.18,9467006
2022-05-04,RELIANCE,1285.28,1287.58,1235.11,1243.12,19247660
2022-05-05,RELIANCE,1256.89,1259.89,1214.67,1218.77,17210669
2022-05-06,RELIANCE,1205.53,1227.13,1196.92,1209.43,19649948
2022-05-09,RELIANCE,1188.34,1198.56,1156.98,1162.2,18083752
2022-05-10,RELIANCE,1151.44,1166.03,1134.37,1142.05,19511677
2022-05-11,RELIANCE,1141.13,1146.8,1117.73,1130.35,16643899
2022-05-12,RELIANCE,1120.29,1123.68,1093.75,1107.32,20490321
2022-05-13,RELIANCE,1119.6,1143.6,1114.68,1119.88,19308778
2022-05-16,RELIANCE,1123.5,1144.98,1115.28,1120.15,13437911
2022-05-17,RELIANCE,1123.8,1172.16,1122.37,1167.2,16551828
2022-05-18,RELIANCE,1172.05,1186.05,1157.56,1171.45,17276788
2022-05-19,RELIANCE,1146.37,1159.52,1138.08,1144.45,14699118
2022-05-20,RELIANCE,1159.52,1220.39,1154.67,1211.18,21793091
2022-05-23,RELIANCE,1214.44,1224.61,1196.67,1203.08,15252755
2022-05-24,RELIANCE,1203.13,1217.44,1198.84,1207.21,13527818
2022-05-25,RELIANCE,1216.05,1226.07,1200.59,1205.44,12714544
2022-05-26,RELIANCE,1211.16,1216.01,1175.9,1193.95,17882023
2022-05-27,RELIANCE,1196.69,1202.28,1172.26,1188.41,16521973
2022-05-30,RELIANCE,1206.82,1234.05,1197.22,1229.8,13853398
2022-05-31,RELIANCE,1219.01,1236.27,1207.15,1214.97,70620653
2022-06-01,RELIANCE,1215.73,1225.37,1207.38,1215.36,9776989
2022-06-02,RELIANCE,1215.59,1261.03,1215.59,1257.26,22126569
2022-06-03,RELIANCE,1266.36,1300.21,1265.43,1282.74,23939791
2022-06-06,RELIANCE,1282.97,1298.66,1269.96,1277.22,11093152
2022-06-07,RELIANCE,1278.31,1288.09,1270.07,1279.62,12358255
2022-06-08,RELIANCE,1279.62,1283.43,1253.57,1257.15,12479250
2022-06-09,RELIANCE,1250.66,1293.58,1250.66,1291.62,17278305
2022-06-10,RELIANCE,1279.23,1287.54,1246.74,1252.63,18093057
2022-06-13,RELIANCE,1222.97,1233.5,1207.42,1228.93,17620803
2022-06-14,RELIANCE,1223.0,1233.06,1206.11,1212.87,14714312
2022-06-15,RELIANCE,1208.0,1217.11,1192.7,1198.19,11195535
2022-06-16,RELIANCE,1210.51,1227.15,1178.67,1181.44,17111475
2022-06-17,RELIANCE,1181.44,1211.37,1179.64,1195.28,24457187
2022-06-20,RELIANCE,1202.21,1207.79,1163.49,1173.62,12066797
2022-06-21,RELIANCE,1181.44,1196.85,1166.81,1192.56,11720049
2022-06-22,RELIANCE,1180.56,1180.66,1154.21,1156.33,10617206
2022-06-23,RELIANCE,1160.7,1165.29,1128.37,1137.57,19446323
2022-06-24,RELIANCE,1144.52,1158.83,1138.98,1153.77,14240234
2022-06-27,RELIANCE,1174.49,1174.49,1145.23,1150.36,15474529
2022-06-28,RELIANCE,1145.49,1169.42,1145.49,1166.53,13572847
2022-06-29,RELIANCE,1157.07,1198.52,1154.21,1190.74,19205146
2022-06-30,RELIANCE,1190.67,1207.24,1184.21,1197.89,23112959
2022-07-01,RELIANCE,1188.32,1196.21,1091.45,1111.61,81997149
2022-07-04,RELIANCE,1097.89,1126.98,1091.95,1113.92,41857728
2022-07-05,RELIANCE,1118.21,1137.55,1115.49,1122.94,17647327
2022-07-06,RELIANCE,1116.88,1126.96,1102.06,1113.07,23943726
2022-07-07,RELIANCE,1119.55,1122.94,1096.06,1102.11,23301033
2022-07-08,RELIANCE,1115.91,1115.91,1099.55,1103.63,19010108
2022-07-11,RELIANCE,1096.75,1120.89,1093.75,1118.63,13847467
2022-07-12,RELIANCE,1109.45,1125.92,1109.45,1117.04,10778989
2022-07-13,RELIANCE,1120.2,1123.29,1095.14,1097.24,14224132
2022-07-14,RELIANCE,1102.06,1123.27,1096.96,1106.28,16970315
2022-07-15,RELIANCE,1114.52,1114.52,1099.8,1108.43,9603210
2022-07-18,RELIANCE,1117.29,1119.14,1104.05,1117.87,15160908
2022-07-19,RELIANCE,1107.74,1129.29,1107.74,1124.72,16439888
2022-07-20,RELIANCE,1172.21,1173.36,1147.4,1155.13,23924246
2022-07-21,RELIANCE,1150.98,1153.75,1138.66,1147.43,16523230
2022-07-22,RELIANCE,1153.75,1161.27,1151.44,1155.18,10969995
2022-07-25,RELIANCE,1138.73,1138.73,1108.98,1117.01,23110452
2022-07-26,RELIANCE,1117.34,1127.86,1112.84,1117.52,11303288
2022-07-27,RELIANCE,1116.81,1120.06,1108.52,1116.46,8655086
2022-07-28,RELIANCE,1124.21,1138.96,1117.29,1133.95,12496073
2022-07-29,RELIANCE,1142.07,1161.64,1137.14,1158.11,15130683
2022-08-01,RELIANCE,1162.59,1194.25,1157.26,1188.29,15700044
2022-08-02,RELIANCE,1187.21,1203.5,1182.15,1192.82,13917913
2022-08-03,RELIANCE,1199.9,1204.51,1184.88,1202.83,14250977
2022-08-04,RELIANCE,1204.51,1208.09,1169.9,1186.93,14467127
2022-08-05,RELIANCE,1188.82,1190.12,1166.19,1169.44,13942438
2022-08-08,RELIANCE,1168.06,1192.31,1168.06,1184.74,10165178
2022-08-10,RELIANCE,1189.24,1195.24,1180.08,1191.82,10724688
2022-08-11,RELIANCE,1201.33,1204.47,1190.76,1195.79,8198226
2022-08-12,RELIANCE,1195.42,1218.98,1191.68,1215.13,12650587
2022-08-16,RELIANCE,1221.22,1226.34,1212.5,1223.57,6607378
2022-08-17,RELIANCE,1229.9,1235.39,1225.54,1229.97,6595965
2022-08-18,RELIANCE,1227.59,1231.74,1218.45,1228.19,7410035
2022-08-19,RELIANCE,1222.97,1228.37,1202.18,1206.29,9460724
2022-08-22,RELIANCE,1207.75,1214.34,1193.44,1202.95,9471680
2022-08-23,RELIANCE,1197.13,1224.45,1195.91,1221.5,9678484
2022-08-24,RELIANCE,1218.41,1232.2,1216.21,1218.24,10369622
2022-08-25,RELIANCE,1222.49,1228.93,1210.33,1214.69,7871946
2022-08-26,RELIANCE,1215.13,1222.97,1203.13,1208.21,10742038
2022-08-29,RELIANCE,1192.98,1225.28,1189.77,1198.82,19838975
2022-08-30,RELIANCE,1206.36,1220.78,1189.1,1217.41,23139054
2022-09-01,RELIANCE,1191.89,1202.18,1177.15,1181.62,19909939
2022-09-02,RELIANCE,1181.62,1188.52,1165.61,1167.83,12999345
2022-09-05,RELIANCE,1168.06,1191.36,1168.06,1185.96,11327815
2022-09-06,RELIANCE,1187.44,1202.67,1186.98,1198.45,10899618
2022-09-07,RELIANCE,1188.36,1197.55,1186.05,1191.48,7488501
2022-09-08,RELIANCE,1194.48,1198.98,1186.52,1193.16,7057077
2022-09-09,RELIANCE,1204.51,1204.51,1183.29,1185.73,8314850
2022-09-12,RELIANCE,1186.31,1205.44,1186.31,1199.0,7435419
2022-09-13,RELIANCE,1208.21,1213.61,1200.36,1209.01,8888657
2022-09-14,RELIANCE,1188.36,1204.51,1187.32,1194.52,8678219
2022-09-15,RELIANCE,1192.05,1201.54,1179.94,1182.69,10365600
2022-09-16,RELIANCE,1173.94,1178.21,1149.6,1153.38,20217708
2022-09-19,RELIANCE,1153.38,1164.23,1145.14,1154.88,7580254
2022-09-20,RELIANCE,1164.11,1171.15,1151.3,1155.06,8411448
2022-09-21,RELIANCE,1152.25,1168.98,1151.44,1158.25,9207309
2022-09-22,RELIANCE,1147.29,1155.13,1140.87,1147.33,10308170
2022-09-23,RELIANCE,1146.83,1151.88,1124.26,1125.83,9528051
2022-09-26,RELIANCE,1104.85,1115.81,1096.13,1097.15,12479523
2022-09-27,RELIANCE,1104.83,1119.6,1089.19,1105.87,16154822
2022-09-28,RELIANCE,1089.3,1097.45,1073.96,1076.43,16997059
2022-09-29,RELIANCE,1089.14,1092.6,1067.45,1073.13,14671827
2022-09-30,RELIANCE,1066.53,1108.52,1066.53,1097.33,18613024
2022-10-03,RELIANCE,1103.68,1115.42,1090.52,1093.52,11852723
2022-10-04,RELIANCE,1106.58,1115.91,1103.05,1113.69,8948850
2022-10-06,RELIANCE,1120.98,1130.67,1115.98,1117.8,13352162
2022-10-07,RELIANCE,1114.36,1127.86,1114.36,1122.53,7714340
2022-10-10,RELIANCE,1109.91,1115.72,1102.06,1110.28,6329527
2022-10-11,RELIANCE,1114.06,1114.06,1085.03,1088.17,9215177
2022-10-12,RELIANCE,1085.45,1099.15,1081.34,1096.18,7417103
2022-10-13,RELIANCE,1094.4,1104.83,1089.19,1099.66,7328492
2022-10-14,RELIANCE,1114.52,1115.15,1093.34,1094.08,9106089
2022-10-17,RELIANCE,1086.83,1114.06,1081.57,1111.64,16729355
2022-10-18,RELIANCE,1117.75,1136.67,1116.9,1131.25,12415820
2022-10-19,RELIANCE,1132.75,1166.6,1126.84,1150.93,19247142
2022-10-20,RELIANCE,1146.83,1162.52,1146.83,1154.03,8717053
2022-10-21,RELIANCE,1157.3,1161.5,1138.52,1140.64,8243452
2022-10-24,RELIANCE,1135.29,1154.9,1133.12,1144.45,3370033
2022-10-25,RELIANCE,1153.29,1153.29,1125.14,1126.77,12233241
2022-10-27,RELIANCE,1134.37,1139.19,1122.74,1131.21,12513059
2022-10-28,RELIANCE,1137.6,1169.9,1135.04,1165.82,17609592
2022-10-31,RELIANCE,1172.67,1181.88,1168.61,1176.64,12419943
2022-11-01,RELIANCE,1199.9,1199.9,1157.44,1167.53,13963166
2022-11-02,RELIANCE,1168.66,1176.92,1160.67,1174.82,8981896
2022-11-03,RELIANCE,1167.53,1181.23,1165.31,1179.2,6693449
2022-11-04,RELIANCE,1178.62,1199.9,1177.33,1196.55,12575815
2022-11-07,RELIANCE,1195.75,1204.65,1187.9,1202.95,11789748
2022-11-09,RELIANCE,1204.65,1210.03,1195.31,1201.75,11254205
2022-11-10,RELIANCE,1195.28,1198.31,1182.82,1187.21,5966242
2022-11-11,RELIANCE,1199.9,1216.51,1194.36,1214.58,12310132
2022-11-14,RELIANCE,1214.09,1219.28,1202.28,1208.69,9043112
2022-11-15,RELIANCE,1210.19,1212.08,1195.28,1203.27,7086433
2022-11-16,RELIANCE,1204.51,1207.26,1191.29,1196.37,9716161
2022-11-17,RELIANCE,1192.95,1205.9,1190.67,1199.46,6661451
2022-11-18,RELIANCE,1203.01,1204.05,1186.56,1198.82,5303197
2022-11-21,RELIANCE,1194.36,1194.36,1173.64,1177.24,6390268
2022-11-22,RELIANCE,1174.52,1185.36,1170.59,1183.77,6611488
2022-11-23,RELIANCE,1188.36,1189.7,1177.86,1180.08,6413408
2022-11-24,RELIANCE,1184.21,1197.13,1175.99,1190.25,9389439
2022-11-25,RELIANCE,1194.82,1211.39,1191.64,1208.02,7349922
2022-11-28,RELIANCE,1204.01,1255.76,1154.67,1249.53,31527484
2022-11-29,RELIANCE,1247.87,1260.66,1243.28,1251.68,11058913
2022-11-30,RELIANCE,1251.82,1267.02,1245.22,1260.52,26164986
2022-12-01,RELIANCE,1265.34,1271.43,1253.43,1256.8,9485801
2022-12-02,RELIANCE,1259.89,1268.2,1246.33,1256.27,11589592
2022-12-05,RELIANCE,1251.59,1253.78,1235.9,1237.95,14828536
2022-12-06,RELIANCE,1229.94,1244.67,1228.05,1241.53,8594245
2022-12-07,RELIANCE,1239.13,1243.74,1219.35,1223.21,8462111
2022-12-08,RELIANCE,1227.59,1229.9,1218.41,1222.63,7757008
2022-12-09,RELIANCE,1221.13,1227.59,1200.75,1204.1,12655763
2022-12-12,RELIANCE,1193.21,1210.51,1192.98,1205.95,9479842
2022-12-13,RELIANCE,1205.95,1215.13,1202.99,1211.44,8333348
2022-12-14,RELIANCE,1217.28,1217.88,1204.98,1207.05,7268947
2022-12-15,RELIANCE,1201.05,1206.82,1186.52,1189.91,8688551
2022-12-16,RELIANCE,1186.52,1208.58,1180.59,1184.02,15837349
2022-12-19,RELIANCE,1191.13,1201.75,1184.53,1199.58,7729933
2022-12-20,RELIANCE,1192.47,1211.9,1184.21,1209.96,7467588
2022-12-21,RELIANCE,1209.59,1215.13,1188.87,1192.75,8527550
2022-12-22,RELIANCE,1198.98,1202.05,1184.55,1189.65,7451122
2022-12-23,RELIANCE,1182.96,1195.52,1150.17,1154.76,10257115
2022-12-26,RELIANCE,1160.56,1173.13,1150.24,1164.85,5990242
2022-12-27,RELIANCE,1167.59,1176.27,1160.79,1174.38,5763271
2022-12-28,RELIANCE,1171.29,1176.73,1163.67,1174.26,7459393
2022-12-29,RELIANCE,1166.21,1176.32,1165.52,1173.73,6930648
2022-12-30,RELIANCE,1174.56,1189.29,1172.72,1175.53,7289476
2023-01-02,RELIANCE,1176.82,1190.21,1175.99,1188.78,5316175
2023-01-03,RELIANCE,1183.77,1187.44,1175.81,1180.08,7658932
2023-01-04,RELIANCE,1180.06,1181.92,1160.21,1162.31,9264891
2023-01-05,RELIANCE,1164.59,1170.55,1155.6,1160.23,13637099
2023-01-06,RELIANCE,1166.05,1175.88,1162.2,1170.78,6349597
2023-01-09,RELIANCE,1174.66,1200.82,1173.76,1198.42,10722753
2023-01-10,RELIANCE,1202.67,1202.67,1174.98,1180.7,8047142
2023-01-11,RELIANCE,1177.98,1180.52,1163.49,1165.82,11509553
2023-01-12,RELIANCE,1165.22,1168.75,1137.6,1140.64,17688773
2023-01-13,RELIANCE,1134.55,1141.24,1123.57,1138.8,20618583
2023-01-16,RELIANCE,1141.15,1144.36,1120.06,1127.95,13623855
2023-01-17,RELIANCE,1134.37,1145.9,1130.95,1143.97,10751000
2023-01-18,RELIANCE,1141.52,1149.64,1135.45,1142.07,13448286
2023-01-19,RELIANCE,1141.24,1145.05,1133.74,1140.85,11940054
2023-01-20,RELIANCE,1142.21,1142.21,1124.79,1127.28,14930286
2023-01-23,RELIANCE,1130.21,1138.15,1119.14,1121.58,10954118
2023-01-24,RELIANCE,1126.06,1127.74,1101.76,1114.96,16488755
2023-01-25,RELIANCE,1113.35,1114.38,1098.37,1099.55,12385018
2023-01-27,RELIANCE,1100.4,1101.76,1066.83,1078.69,25830975
2023-01-30,RELIANCE,1076.08,1094.63,1061.91,1089.02,21772103
2023-01-31,RELIANCE,1099.29,1101.9,1080.37,1086.3,22691594
2023-02-01,RELIANCE,1098.35,1098.35,1063.76,1079.86,19347800
2023-02-02,RELIANCE,1069.76,1083.6,1066.53,1073.89,13662663
2023-02-03,RELIANCE,1084.06,1084.06,1058.22,1074.83,24699575
2023-02-06,RELIANCE,1068.37,1071.14,1064.13,1066.73,14837879
2023-02-07,RELIANCE,1066.99,1074.09,1058.22,1064.17,15135435
2023-02-08,RELIANCE,1067.45,1089.09,1064.68,1085.42,21160332
2023-02-09,RELIANCE,1086.12,1094.15,1077.14,1087.32,13172763
2023-02-10,RELIANCE,1086.79,1086.79,1071.28,1078.36,10790445
2023-02-13,RELIANCE,1080.0,1084.52,1067.7,1072.23,10352493
2023-02-14,RELIANCE,1075.27,1099.25,1072.36,1097.49,14321920
2023-02-15,RELIANCE,1096.52,1124.77,1095.14,1122.34,33503591
2023-02-16,RELIANCE,1130.42,1137.04,1119.16,1121.47,17264487
2023-02-17,RELIANCE,1116.83,1129.52,1112.49,1126.15,11809520
2023-02-20,RELIANCE,1128.37,1130.56,1112.26,1114.25,8836937
2023-02-21,RELIANCE,1118.68,1129.2,1113.3,1123.34,13311592
2023-02-22,RELIANCE,1119.58,1121.44,1096.09,1097.86,11024335
2023-02-23,RELIANCE,1097.45,1105.18,1089.76,1092.6,9851910
2023-02-24,RELIANCE,1094.68,1105.82,1092.83,1100.08,9434053
2023-02-27,RELIANCE,1099.29,1102.82,1085.31,1092.76,11199715
2023-02-28,RELIANCE,1087.34,1092.37,1067.75,1071.86,21994038
2023-03-01,RELIANCE,1081.76,1082.45,1072.18,1081.71,11551145
2023-03-02,RELIANCE,1078.53,1085.29,1071.42,1073.47,9333535
2023-03-03,RELIANCE,1084.13,1104.58,1080.62,1100.86,14643807
2023-03-06,RELIANCE,1107.6,1118.95,1107.6,1111.61,10171916
2023-03-08,RELIANCE,1111.61,1116.37,1100.68,1115.61,15782657
2023-03-09,RELIANCE,1114.98,1115.4,1086.88,1088.79,16235128
2023-03-10,RELIANCE,1080.6,1081.76,1068.4,1071.93,13334091
2023-03-13,RELIANCE,1074.83,1081.76,1049.91,1054.3,12771592
2023-03-14,RELIANCE,1052.22,1063.73,1047.17,1050.35,16027522
2023-03-15,RELIANCE,1054.11,1060.67,1027.94,1032.4,21728555
2023-03-16,RELIANCE,1035.14,1040.22,1016.31,1027.25,18363159
2023-03-17,RELIANCE,1035.95,1039.27,1021.16,1025.96,34014213
2023-03-20,RELIANCE,1022.22,1024.53,1006.07,1015.88,19524589
2023-03-21,RELIANCE,1024.05,1049.45,1023.15,1047.47,21400360
2023-03-22,RELIANCE,1054.53,1057.5,1047.6,1050.65,10920094
2023-03-23,RELIANCE,1046.68,1047.56,1035.17,1037.36,16249370
2023-03-24,RELIANCE,1036.18,1038.37,1014.38,1016.82,12375945
2023-03-27,RELIANCE,1023.38,1040.22,1015.39,1032.63,14054323
2023-03-28,RELIANCE,1036.07,1041.37,1032.38,1037.45,12576424
2023-03-29,RELIANCE,1033.3,1035.97,1020.42,1031.31,18804065
2023-03-31,RELIANCE,1040.68,1081.5,1040.54,1075.78,28171201
2023-04-03,RELIANCE,1082.22,1084.06,1068.37,1075.96,10293043
2023-04-05,RELIANCE,1083.6,1083.6,1065.4,1073.38,16262928
2023-04-06,RELIANCE,1069.83,1086.37,1069.83,1080.58,18435046
2023-04-10,RELIANCE,1084.52,1084.71,1071.39,1072.92,12961408
2023-04-11,RELIANCE,1077.14,1080.37,1072.55,1078.23,10542367
2023-04-12,RELIANCE,1078.23,1092.74,1075.32,1082.98,18179087
2023-04-13,RELIANCE,1085.91,1091.82,1080.83,1087.06,12378208
2023-04-17,RELIANCE,1119.11,1119.11,1084.09,1092.58,17929479
2023-04-18,RELIANCE,1096.99,1096.99,1073.45,1080.07,10405576
2023-04-19,RELIANCE,1079.47,1088.17,1076.31,1085.45,12273475
2023-04-20,RELIANCE,1086.42,1088.68,1076.26,1082.7,7007330
2023-04-21,RELIANCE,1084.82,1089.6,1078.25,1084.06,7647317
2023-04-24,RELIANCE,1096.06,1098.78,1083.6,1088.22,12936186
2023-04-25,RELIANCE,1091.91,1098.65,1084.76,1096.55,9236126
2023-04-26,RELIANCE,1097.91,1101.18,1086.39,1090.11,8617834
2023-04-27,RELIANCE,1096.06,1100.22,1090.99,1097.01,9167125
2023-04-28,RELIANCE,1099.29,1118.63,1099.18,1117.06,15565210
2023-05-02,RELIANCE,1124.31,1128.74,1120.57,1126.54,12981805
2023-05-03,RELIANCE,1128.37,1128.37,1113.62,1116.88,7061872
2023-05-04,RELIANCE,1117.36,1131.99,1114.34,1129.75,8635233
2023-05-05,RELIANCE,1126.52,1135.91,1124.21,1126.87,8746585
2023-05-08,RELIANCE,1130.67,1146.2,1127.97,1140.78,9153782
2023-05-09,RELIANCE,1142.21,1147.66,1136.79,1144.31,6464721
2023-05-10,RELIANCE,1149.13,1153.68,1145.07,1152.18,10872255
2023-05-11,RELIANCE,1153.27,1158.13,1142.93,1144.66,10557860
2023-05-12,RELIANCE,1139.81,1147.93,1133.67,1146.53,6955341
2023-05-15,RELIANCE,1149.09,1155.85,1141.36,1148.79,6833343
2023-05-16,RELIANCE,1150.98,1153.56,1130.74,1132.43,8717229
2023-05-17,RELIANCE,1136.67,1137.6,1120.98,1125.74,8798967
2023-05-18,RELIANCE,1130.47,1133.91,1120.13,1123.31,10525531
2023-05-19,RELIANCE,1123.31,1128.81,1116.3,1126.96,8050447
2023-05-22,RELIANCE,1123.75,1138.06,1122.53,1132.98,7434906
2023-05-23,RELIANCE,1135.59,1138.98,1131.34,1132.77,6092034
2023-05-24,RELIANCE,1128.78,1137.14,1123.04,1126.17,8112254
2023-05-25,RELIANCE,1123.24,1130.21,1115.01,1126.04,11487863
2023-05-26,RELIANCE,1134.37,1157.9,1131.02,1156.75,12626260
2023-05-29,RELIANCE,1163.44,1167.59,1157.07,1163.26,10010304
2023-05-30,RELIANCE,1163.26,1171.15,1160.37,1162.96,11342504
2023-05-31,RELIANCE,1153.75,1158.3,1135.75,1139.86,27107927
2023-06-01,RELIANCE,1144.59,1146.78,1134.37,1136.79,14592692
2023-06-02,RELIANCE,1140.37,1145.83,1131.14,1133.07,15800644
2023-06-05,RELIANCE,1138.61,1146.25,1134.57,1143.25,10908682
2023-06-06,RELIANCE,1146.11,1148.07,1136.21,1144.22,7493309
2023-06-07,RELIANCE,1147.75,1153.75,1141.1,1152.9,10312545
2023-06-08,RELIANCE,1156.52,1161.53,1149.6,1153.59,12071109
2023-06-09,RELIANCE,1156.98,1157.7,1143.6,1145.42,5877018
2023-06-12,RELIANCE,1142.44,1148.77,1137.6,1146.43,6391969
2023-06-13,RELIANCE,1151.44,1164.57,1147.4,1163.37,11248016
2023-06-14,RELIANCE,1163.44,1179.13,1161.6,1177.68,13277380
2023-06-15,RELIANCE,1177.66,1182.62,1170.13,1178.0,11813494
2023-06-16,RELIANCE,1181.53,1191.78,1181.53,1189.47,24171579
2023-06-19,RELIANCE,1192.52,1192.52,1173.43,1177.66,6798554
2023-06-20,RELIANCE,1175.69,1183.29,1169.9,1180.1,6921096
2023-06-21,RELIANCE,1180.06,1185.99,1175.9,1183.42,6961603
2023-06-22,RELIANCE,1179.59,1187.58,1168.52,1170.13,7619166
2023-06-23,RELIANCE,1167.09,1169.16,1159.29,1160.56,6628570
2023-06-26,RELIANCE,1156.98,1160.86,1148.53,1151.7,12641159
2023-06-27,RELIANCE,1152.16,1158.13,1147.59,1152.11,9689466
2023-06-28,RELIANCE,1159.75,1171.22,1152.76,1167.36,11354006
2023-06-30,RELIANCE,1175.16,1179.89,1169.19,1176.94,11151555
2023-07-03,RELIANCE,1180.54,1210.05,1179.29,1207.15,12154387
2023-07-04,RELIANCE,1211.44,1211.44,1187.55,1194.71,8061643
2023-07-05,RELIANCE,1204.05,1204.05,1188.73,1192.75,10248062
2023-07-06,RELIANCE,1188.85,1220.41,1188.85,1217.78,19117987
2023-07-07,RELIANCE,1216.05,1229.87,1212.82,1215.41,13375267
2023-07-10,RELIANCE,1240.93,1271.89,1234.51,1262.23,33240016
2023-07-11,RELIANCE,1270.46,1278.35,1263.4,1275.91,20069348
2023-07-12,RELIANCE,1276.65,1293.12,1274.5,1277.32,18733835
2023-07-13,RELIANCE,1284.77,1291.74,1263.24,1265.89,14682934
2023-07-14,RELIANCE,1269.12,1274.15,1257.63,1264.83,15124144
2023-07-17,RELIANCE,1267.74,1299.15,1258.97,1290.68,22220040
2023-07-18,RELIANCE,1300.05,1309.48,1288.97,1301.64,25867313
2023-07-19,RELIANCE,1306.04,1318.04,1290.82,1311.51,39122156
2023-07-20,RELIANCE,1290.0,1315.47,1290.0,1309.93,38717624
2023-07-21,RELIANCE,1304.5,1307.45,1261.8,1269.38,30249238
2023-07-24,RELIANCE,1240.5,1257.47,1234.65,1243.7,23727866
2023-07-25,RELIANCE,1247.0,1252.6,1240.0,1242.9,12026020
2023-07-26,RELIANCE,1242.5,1273.5,1242.5,1263.1,12911012
2023-07-27,RELIANCE,1267.03,1268.82,1245.18,1251.35,17226898
2023-07-28,RELIANCE,1256.03,1271.43,1250.28,1263.93,20827852
2023-07-31,RELIANCE,1263.93,1276.95,1258.97,1274.62,8551174
2023-08-01,RELIANCE,1277.5,1279.5,1252.65,1256.6,9536632
2023-08-02,RELIANCE,1254.6,1256.0,1231.8,1243.18,12748214
2023-08-03,RELIANCE,1237.65,1250.45,1229.03,1237.95,10168350
2023-08-04,RELIANCE,1249.4,1258.0,1235.8,1254.78,22885610
2023-08-07,RELIANCE,1260.5,1264.2,1252.5,1261.93,5982870
2023-08-08,RELIANCE,1264.0,1267.22,1249.78,1254.32,9844072
2023-08-09,RELIANCE,1252.43,1264.5,1240.55,1262.6,11486586
2023-08-10,RELIANCE,1262.47,1275.0,1254.22,1268.22,15470598
2023-08-11,RELIANCE,1266.22,1279.43,1256.18,1273.57,22179330
2023-08-14,RELIANCE,1269.5,1291.15,1262.5,1288.62,9575812
2023-08-16,RELIANCE,1275.5,1291.4,1275.5,1287.57,10203112
2023-08-17,RELIANCE,1283.55,1289.05,1266.43,1269.0,13673744
2023-08-18,RELIANCE,1265.62,1288.8,1254.28,1278.4,18639978
2023-08-21,RELIANCE,1269.97,1277.72,1257.82,1260.0,9221746
2023-08-22,RELIANCE,1258.45,1268.97,1249.5,1259.7,7713044
2023-08-23,RELIANCE,1262.1,1271.43,1258.47,1261.1,9517952
2023-08-24,RELIANCE,1269.95,1269.95,1235.5,1239.9,14140020
2023-08-25,RELIANCE,1228.0,1252.5,1221.3,1234.18,22222400
2023-08-28,RELIANCE,1236.0,1242.0,1215.55,1221.88,12580826
2023-08-29,RELIANCE,1226.03,1226.72,1204.07,1210.18,16876644
2023-08-30,RELIANCE,1216.0,1221.5,1207.5,1209.03,12168946
2023-08-31,RELIANCE,1211.5,1212.5,1199.95,1203.5,21638600
2023-09-01,RELIANCE,1203.28,1212.82,1200.82,1206.32,18112842
2023-09-04,RELIANCE,1206.32,1211.82,1202.65,1205.35,9347626
2023-09-05,RELIANCE,1210.0,1216.97,1206.22,1211.8,8675876
2023-09-06,RELIANCE,1210.55,1218.07,1208.62,1214.35,8200370
2023-09-07,RELIANCE,1210.85,1219.12,1205.5,1216.0,13652572
2023-09-08,RELIANCE,1220.0,1228.0,1211.47,1224.1,23109288
2023-09-11,RELIANCE,1226.0,1238.43,1226.0,1237.3,13271074
2023-09-12,RELIANCE,1241.5,1241.5,1217.97,1219.43,16255666
2023-09-13,RELIANCE,1220.0,1231.32,1213.12,1225.53,12803338
2023-09-14,RELIANCE,1230.0,1232.9,1222.5,1226.65,9209636
2023-09-15,RELIANCE,1234.0,1234.0,1224.75,1228.93,25468592
2023-09-18,RELIANCE,1220.03,1225.5,1216.03,1218.22,7516300
2023-09-20,RELIANCE,1211.53,1213.8,1177.5,1191.07,57081884
2023-09-21,RELIANCE,1187.47,1195.05,1180.0,1182.4,12226182
2023-09-22,RELIANCE,1188.0,1191.22,1175.0,1177.47,19176786
2023-09-25,RELIANCE,1175.2,1180.35,1167.55,1170.22,14254884
2023-09-26,RELIANCE,1169.28,1175.1,1167.8,1171.25,10087782
2023-09-27,RELIANCE,1171.75,1185.9,1169.25,1184.45,11722778
2023-09-28,RELIANCE,1191.5,1191.5,1162.5,1167.05,14518346
2023-09-29,RELIANCE,1170.9,1184.55,1167.05,1172.5,12342014
2023-10-03,RELIANCE,1164.97,1167.8,1158.0,1159.07,8859056
2023-10-04,RELIANCE,1154.5,1159.5,1147.55,1157.07,10286386
2023-10-05,RELIANCE,1159.62,1164.7,1154.5,1157.05,10953682
2023-10-06,RELIANCE,1158.53,1162.4,1156.03,1159.0,5431026
2023-10-09,RELIANCE,1154.05,1155.97,1147.5,1149.12,7576878
2023-10-10,RELIANCE,1153.28,1158.95,1151.88,1154.2,10236032
2023-10-11,RELIANCE,1157.22,1174.85,1156.5,1172.53,9814118
2023-10-12,RELIANCE,1171.93,1179.68,1169.07,1174.7,12554450
2023-10-13,RELIANCE,1170.0,1178.75,1164.57,1174.65,10150316
2023-10-16,RELIANCE,1172.5,1177.28,1168.0,1172.03,5929036
2023-10-17,RELIANCE,1178.0,1179.85,1170.65,1177.62,7928180
2023-10-18,RELIANCE,1177.62,1183.5,1160.5,1162.0,8918320
2023-10-19,RELIANCE,1156.0,1160.9,1150.5,1153.07,12032556
2023-10-20,RELIANCE,1150.0,1157.35,1148.15,1149.55,8913312
2023-10-23,RELIANCE,1145.0,1153.12,1127.62,1131.6,7853962
2023-10-25,RELIANCE,1125.03,1140.6,1121.5,1128.97,11620688
2023-10-26,RELIANCE,1125.5,1129.0,1110.15,1113.25,15222534
2023-10-27,RELIANCE,1120.0,1136.75,1117.97,1132.9,11771084
2023-10-30,RELIANCE,1137.0,1162.5,1134.97,1156.25,16813304
2023-10-31,RELIANCE,1164.0,1164.0,1141.45,1143.95,12808438
2023-11-01,RELIANCE,1144.57,1158.75,1137.6,1148.7,10309190
2023-11-02,RELIANCE,1156.97,1162.15,1153.97,1160.1,10562104
2023-11-03,RELIANCE,1163.6,1167.47,1157.88,1159.85,8850156
2023-11-06,RELIANCE,1166.15,1170.0,1162.8,1169.5,10647304
2023-11-07,RELIANCE,1167.03,1169.55,1159.78,1161.9,6960204
2023-11-08,RELIANCE,1166.0,1170.5,1160.88,1167.95,7884494
2023-11-09,RELIANCE,1167.93,1167.95,1152.1,1155.28,14513610
2023-11-10,RELIANCE,1152.78,1158.18,1149.03,1157.45,7734954
2023-11-13,RELIANCE,1161.45,1162.3,1155.85,1157.3,3854810
2023-11-15,RELIANCE,1170.0,1180.97,1163.5,1178.22,12220648
2023-11-16,RELIANCE,1175.55,1187.07,1173.47,1180.35,13134910
2023-11-17,RELIANCE,1176.45,1186.62,1176.03,1177.78,7758634
2023-11-20,RELIANCE,1174.28,1179.2,1168.2,1174.68,4490186
2023-11-21,RELIANCE,1183.0,1194.0,1180.1,1189.45,8214450
2023-11-22,RELIANCE,1187.5,1197.22,1186.1,1194.1,8534814
2023-11-23,RELIANCE,1194.1,1200.0,1194.1,1197.75,8531542
2023-11-24,RELIANCE,1195.8,1201.3,1195.53,1196.95,6749486
2023-11-28,RELIANCE,1196.95,1199.85,1187.62,1197.2,13792174
2023-11-29,RELIANCE,1204.0,1205.97,1199.03,1200.35,12531306
2023-11-30,RELIANCE,1197.35,1200.35,1184.95,1188.72,28439984
2023-12-01,RELIANCE,1189.0,1198.2,1188.8,1197.15,14342842
2023-12-04,RELIANCE,1225.0,1225.0,1199.3,1210.1,15590990
2023-12-05,RELIANCE,1219.5,1220.43,1210.82,1218.88,12693624
2023-12-06,RELIANCE,1223.55,1236.47,1217.5,1230.55,16422442
2023-12-07,RELIANCE,1230.0,1230.47,1221.0,1228.53,8142096
2023-12-08,RELIANCE,1231.93,1238.35,1222.5,1227.88,10204894
2023-12-11,RELIANCE,1228.0,1233.8,1226.2,1229.68,7066138
2023-12-12,RELIANCE,1230.0,1232.47,1210.07,1212.03,9197124
2023-12-13,RELIANCE,1211.0,1219.18,1203.15,1216.97,10031182
2023-12-14,RELIANCE,1227.0,1237.47,1221.32,1232.07,16972354
2023-12-15,RELIANCE,1239.0,1250.0,1235.03,1247.8,15932152
2023-12-18,RELIANCE,1247.8,1267.45,1245.47,1260.5,14165188
2023-12-19,RELIANCE,1277.5,1286.95,1262.6,1279.05,16820604
2023-12-20,RELIANCE,1285.53,1299.43,1260.0,1263.57,17736722
2023-12-21,RELIANCE,1263.5,1286.75,1259.12,1281.28,13765454
2023-12-22,RELIANCE,1279.8,1290.45,1273.82,1282.53,16541784
2023-12-26,RELIANCE,1284.0,1295.97,1281.35,1289.03,7465664
2023-12-27,RELIANCE,1291.0,1299.95,1286.55,1293.43,9204156
2023-12-28,RELIANCE,1294.9,1306.0,1293.43,1302.78,12302636
2023-12-29,RELIANCE,1305.55,1307.0,1289.65,1292.47,10864584
2024-01-01,RELIANCE,1290.28,1303.43,1286.57,1295.12,4030540
2024-01-02,RELIANCE,1292.5,1307.5,1286.5,1305.85,7448800
2024-01-03,RELIANCE,1305.0,1317.0,1288.6,1291.65,9037536
2024-01-04,RELIANCE,1294.0,1304.93,1289.55,1298.32,9612778
2024-01-05,RELIANCE,1301.45,1309.93,1299.0,1303.85,8086406
2024-01-08,RELIANCE,1305.0,1315.97,1284.47,1293.68,7734652
2024-01-09,RELIANCE,1300.0,1303.4,1288.6,1290.25,5403074
2024-01-10,RELIANCE,1288.5,1329.5,1287.53,1325.05,11102740
2024-01-11,RELIANCE,1329.5,1362.5,1328.5,1359.9,23725852
2024-01-12,RELIANCE,1359.9,1373.32,1345.75,1370.72,15012164
2024-01-15,RELIANCE,1375.0,1396.45,1366.0,1394.12,8610594
2024-01-16,RELIANCE,1389.97,1396.3,1370.5,1374.62,9069024
2024-01-17,RELIANCE,1359.5,1386.28,1355.03,1361.57,12197382
2024-01-18,RELIANCE,1351.4,1371.0,1351.25,1367.95,10279438
2024-01-19,RELIANCE,1376.0,1376.0,1359.0,1367.45,10422704
2024-01-23,RELIANCE,1371.75,1371.75,1322.55,1328.57,20055420
2024-01-24,RELIANCE,1335.22,1349.5,1323.93,1343.88,21919128
2024-01-25,RELIANCE,1342.95,1364.15,1335.2,1353.07,11808872
2024-01-29,RELIANCE,1364.5,1452.5,1360.18,1448.05,23893438
2024-01-30,RELIANCE,1459.95,1459.97,1404.43,1407.62,14093978
2024-01-31,RELIANCE,1404.0,1434.25,1402.5,1426.62,15130226
2024-02-01,RELIANCE,1435.0,1443.35,1418.05,1426.65,13349362
2024-02-02,RELIANCE,1433.18,1474.9,1433.18,1457.7,19652588
2024-02-05,RELIANCE,1460.75,1470.5,1431.53,1439.03,8814432
2024-02-06,RELIANCE,1441.85,1441.85,1419.82,1427.8,9047984
2024-02-07,RELIANCE,1435.93,1449.5,1429.25,1442.15,9296568
2024-02-08,RELIANCE,1450.0,1459.47,1427.53,1450.12,14694634
2024-02-09,RELIANCE,1454.0,1471.97,1450.95,1460.75,12556798
2024-02-12,RELIANCE,1460.75,1461.0,1442.35,1452.35,6674430
2024-02-13,RELIANCE,1455.5,1479.0,1454.0,1465.1,7715594
2024-02-14,RELIANCE,1457.5,1483.65,1457.5,1481.38,7117888
2024-02-15,RELIANCE,1483.35,1484.72,1466.53,1470.6,10006782
2024-02-16,RELIANCE,1476.47,1477.0,1458.55,1460.57,9767498
2024-02-19,RELIANCE,1462.05,1479.5,1453.53,1474.0,6729828
2024-02-20,RELIANCE,1475.03,1475.5,1461.8,1471.03,7117496
2024-02-21,RELIANCE,1474.0,1488.53,1457.55,1467.7,12720292
2024-02-22,RELIANCE,1468.15,1484.95,1458.0,1481.75,18493728
2024-02-23,RELIANCE,1489.5,1497.55,1483.35,1493.62,14438584
2024-02-26,RELIANCE,1493.55,1494.53,1482.5,1487.32,7513106
2024-02-27,RELIANCE,1483.03,1499.95,1478.05,1485.65,10826044
2024-02-28,RELIANCE,1483.0,1491.28,1450.18,1455.62,8647950
2024-02-29,RELIANCE,1465.0,1478.97,1454.53,1460.8,23628976
2024-03-01,RELIANCE,1463.5,1500.0,1462.5,1492.12,12132926
2024-03-04,RELIANCE,1490.47,1512.45,1487.22,1507.4,10024420
2024-03-05,RELIANCE,1505.78,1507.4,1486.05,1500.2,7107668
2024-03-06,RELIANCE,1493.45,1509.0,1478.5,1503.0,7805676
2024-03-07,RELIANCE,1502.97,1503.1,1475.55,1478.93,8315726
2024-03-11,RELIANCE,1489.0,1489.0,1463.5,1466.6,11277130
2024-03-12,RELIANCE,1466.6,1488.0,1465.03,1475.43,9432678
2024-03-13,RELIANCE,1479.78,1483.1,1427.78,1432.18,13522134
2024-03-14,RELIANCE,1439.7,1448.53,1425.5,1431.47,18571102
2024-03-15,RELIANCE,1425.95,1433.22,1412.9,1418.22,19223818
2024-03-18,RELIANCE,1420.0,1441.72,1416.53,1439.47,9169392
2024-03-19,RELIANCE,1428.75,1437.6,1417.25,1425.25,8275764
2024-03-20,RELIANCE,1427.95,1445.0,1424.03,1443.75,8488806
2024-03-21,RELIANCE,1452.53,1457.9,1444.68,1450.97,13006936
2024-03-22,RELIANCE,1449.97,1460.0,1447.35,1455.03,19527608
2024-03-26,RELIANCE,1445.0,1452.4,1439.0,1441.57,11415906
2024-03-27,RELIANCE,1448.0,1500.0,1447.0,1492.85,16326644
2024-03-28,RELIANCE,1492.88,1505.95,1478.65,1485.85,21854364
2024-04-01,RELIANCE,1492.47,1493.97,1482.5,1484.78,5013880
2024-04-02,RELIANCE,1484.0,1494.0,1475.0,1486.95,8910166
2024-04-03,RELIANCE,1482.07,1484.45,1468.9,1471.6,7008292
2024-04-04,RELIANCE,1479.75,1479.75,1450.0,1462.93,14490272
2024-04-05,RELIANCE,1460.88,1470.8,1456.0,1460.1,7442298
2024-04-08,RELIANCE,1462.97,1490.97,1461.0,1485.97,8357118
2024-04-09,RELIANCE,1489.0,1489.8,1462.5,1463.65,7071414
2024-04-10,RELIANCE,1466.35,1487.0,1466.35,1479.57,9138330
2024-04-12,RELIANCE,1475.88,1486.47,1463.07,1467.15,15551012
2024-04-15,RELIANCE,1461.0,1482.12,1446.32,1464.82,12902062
2024-04-16,RELIANCE,1453.35,1471.18,1450.93,1465.75,9366184
2024-04-18,RELIANCE,1463.5,1486.0,1459.35,1464.32,19005692
2024-04-19,RELIANCE,1456.78,1474.0,1443.03,1470.12,15741778
2024-04-22,RELIANCE,1472.45,1482.82,1467.8,1479.85,10350362
2024-04-23,RELIANCE,1479.0,1493.5,1455.55,1459.32,14605554
2024-04-24,RELIANCE,1463.5,1468.55,1449.5,1450.18,10462776
2024-04-25,RELIANCE,1442.5,1467.97,1441.5,1459.97,15943926
2024-04-26,RELIANCE,1463.95,1465.0,1450.0,1452.55,9413848
2024-04-29,RELIANCE,1450.0,1467.9,1450.0,1465.03,7247974
2024-04-30,RELIANCE,1468.0,1483.07,1462.88,1467.0,11474262
2024-05-02,RELIANCE,1472.0,1477.32,1464.12,1466.55,14512646
2024-05-03,RELIANCE,1471.0,1474.95,1416.15,1434.0,17226958
2024-05-06,RELIANCE,1435.5,1440.0,1418.0,1419.53,7394208
2024-05-07,RELIANCE,1415.97,1420.75,1392.0,1401.47,14517472
2024-05-08,RELIANCE,1397.5,1432.95,1397.5,1418.55,9439002
2024-05-09,RELIANCE,1413.0,1423.75,1390.0,1394.12,11009612
2024-05-10,RELIANCE,1396.75,1410.0,1388.07,1407.43,10505096
2024-05-13,RELIANCE,1399.9,1406.97,1384.0,1402.7,8456620
2024-05-14,RELIANCE,1400.97,1427.07,1400.03,1420.07,7188300
2024-05-15,RELIANCE,1420.5,1429.97,1413.03,1416.28,5046534
2024-05-16,RELIANCE,1418.55,1427.5,1398.03,1425.35,14711774
2024-05-17,RELIANCE,1423.05,1437.2,1413.25,1435.7,10916476
2024-05-21,RELIANCE,1425.6,1441.82,1425.6,1436.12,11176128
2024-05-22,RELIANCE,1436.28,1468.78,1436.28,1460.65,10281604
2024-05-23,RELIANCE,1458.55,1492.22,1455.0,1486.05,14608260
2024-05-24,RELIANCE,1483.62,1488.5,1476.1,1480.25,7094776
2024-05-27,RELIANCE,1480.22,1484.9,1461.55,1466.25,6629010
2024-05-28,RELIANCE,1468.0,1478.5,1452.75,1456.2,7820162
2024-05-29,RELIANCE,1446.5,1458.0,1438.45,1440.78,7383556
2024-05-30,RELIANCE,1435.5,1440.4,1420.1,1424.85,13206858
2024-05-31,RELIANCE,1431.3,1442.25,1422.25,1430.4,31069832
2024-06-03,RELIANCE,1483.0,1514.5,1459.0,1510.32,21527942
2024-06-04,RELIANCE,1498.05,1498.05,1359.3,1397.28,36709098
2024-06-05,RELIANCE,1422.0,1431.15,1384.1,1420.75,17464890
2024-06-06,RELIANCE,1435.0,1443.7,1421.35,1431.6,17855722
2024-06-07,RELIANCE,1428.5,1472.0,1426.5,1469.95,18558696
2024-06-10,RELIANCE,1469.95,1493.35,1468.07,1471.4,9251760
2024-06-11,RELIANCE,1469.0,1473.68,1454.68,1456.68,11774902
2024-06-12,RELIANCE,1457.5,1476.0,1455.18,1463.32,10081742
2024-06-13,RELIANCE,1472.0,1472.25,1460.1,1465.25,9181160
2024-06-14,RELIANCE,1470.0,1479.68,1457.22,1477.55,8157998
2024-06-18,RELIANCE,1487.35,1487.4,1471.35,1481.03,7196766
2024-06-19,RELIANCE,1487.5,1487.5,1456.0,1458.65,8725874
2024-06-20,RELIANCE,1459.0,1482.85,1450.1,1473.7,16113776
2024-06-21,RELIANCE,1473.62,1474.7,1440.57,1454.2,31170360
2024-06-24,RELIANCE,1445.53,1449.5,1437.5,1441.47,8878386
2024-06-25,RELIANCE,1443.0,1455.93,1441.0,1454.15,7045386
2024-06-26,RELIANCE,1446.05,1518.97,1445.12,1514.03,22014882
2024-06-27,RELIANCE,1513.75,1537.5,1506.0,1530.55,28383030
2024-06-28,RELIANCE,1531.03,1581.0,1531.03,1565.4,28957336
2024-07-01,RELIANCE,1562.53,1579.4,1555.68,1560.15,7724306
2024-07-02,RELIANCE,1569.5,1573.5,1557.0,1565.18,7749246
2024-07-03,RELIANCE,1566.32,1575.0,1542.78,1552.43,9049620
2024-07-04,RELIANCE,1557.0,1567.5,1550.8,1554.03,6837176
2024-07-05,RELIANCE,1553.82,1598.5,1548.0,1588.62,12269710
2024-07-08,RELIANCE,1589.0,1608.8,1582.53,1600.9,9500806
2024-07-09,RELIANCE,1597.6,1600.5,1580.5,1590.28,6960002
2024-07-10,RELIANCE,1595.0,1597.5,1563.15,1584.22,7134578
2024-07-11,RELIANCE,1587.5,1604.25,1570.5,1580.65,11940946
2024-07-12,RELIANCE,1584.5,1605.15,1574.5,1596.72,12924784
2024-07-15,RELIANCE,1604.45,1605.85,1585.5,1597.22,5329688
2024-07-16,RELIANCE,1593.5,1600.0,1569.12,1576.25,9386838
2024-07-18,RELIANCE,1576.0,1593.9,1557.82,1586.68,12298374
2024-07-19,RELIANCE,1586.0,1589.97,1552.8,1555.15,13140390
2024-07-22,RELIANCE,1537.25,1537.5,1499.28,1500.68,19674376
2024-07-23,RELIANCE,1501.0,1505.75,1463.0,1487.9,18052044
2024-07-24,RELIANCE,1485.0,1509.5,1476.4,1495.7,11913362
2024-07-25,RELIANCE,1481.0,1500.47,1477.07,1492.4,12519876
2024-07-26,RELIANCE,1492.4,1512.43,1490.35,1509.03,9859940
2024-07-29,RELIANCE,1511.95,1527.5,1511.78,1520.1,7538550
2024-07-30,RELIANCE,1517.03,1525.0,1510.0,1513.15,8228208
2024-07-31,RELIANCE,1504.0,1510.45,1501.15,1505.43,10057346
2024-08-01,RELIANCE,1512.0,1518.0,1504.3,1515.3,10764222
2024-08-02,RELIANCE,1505.0,1509.32,1493.28,1499.32,10268248
2024-08-05,RELIANCE,1480.0,1483.9,1433.25,1447.32,17046704
2024-08-06,RELIANCE,1455.15,1477.5,1451.32,1456.05,10236186
2024-08-07,RELIANCE,1469.0,1472.5,1461.5,1464.82,8174568
2024-08-08,RELIANCE,1457.53,1465.0,1445.93,1449.12,12387192
2024-08-09,RELIANCE,1460.0,1476.5,1456.0,1474.3,6249776
2024-08-12,RELIANCE,1470.0,1473.0,1457.75,1460.62,8184584
2024-08-13,RELIANCE,1460.75,1470.07,1458.0,1463.62,6265064
2024-08-14,RELIANCE,1463.55,1472.0,1453.7,1461.85,6267466
2024-08-16,RELIANCE,1468.65,1480.4,1458.05,1478.2,9416902
2024-08-19,RELIANCE,1482.5,1498.3,1480.5,1488.4,13797742
2024-08-20,RELIANCE,1497.22,1503.93,1490.03,1495.95,8411808
2024-08-21,RELIANCE,1493.25,1507.88,1490.0,1498.68,7769996
2024-08-22,RELIANCE,1503.0,1506.5,1490.65,1498.12,10445782
2024-08-23,RELIANCE,1503.75,1511.32,1498.43,1499.97,9249654
2024-08-26,RELIANCE,1506.97,1523.0,1503.0,1512.6,8816114
2024-08-27,RELIANCE,1510.5,1513.47,1499.45,1500.45,6251156
2024-08-28,RELIANCE,1505.0,1507.47,1493.0,1498.3,9610286
2024-08-29,RELIANCE,1503.1,1537.0,1494.0,1520.93,38335358
2024-08-30,RELIANCE,1534.0,1539.72,1503.32,1509.62,41620730
2024-09-02,RELIANCE,1510.88,1526.8,1506.62,1516.25,11240852
2024-09-03,RELIANCE,1521.25,1523.0,1507.5,1509.12,10923800
2024-09-04,RELIANCE,1500.7,1517.5,1499.5,1514.55,11983304
2024-09-05,RELIANCE,1519.05,1525.78,1487.05,1492.97,16264168
2024-09-06,RELIANCE,1492.5,1497.0,1461.62,1464.82,19394228
2024-09-09,RELIANCE,1466.5,1469.93,1455.6,1462.45,9010298
2024-09-10,RELIANCE,1460.5,1472.05,1457.57,1461.53,10768260
2024-09-11,RELIANCE,1463.05,1468.75,1447.55,1451.5,9760202
2024-09-12,RELIANCE,1457.0,1486.0,1445.88,1479.8,22349376
2024-09-13,RELIANCE,1476.4,1483.15,1469.5,1472.62,8711328
2024-09-16,RELIANCE,1477.55,1480.9,1464.75,1471.35,5481774
2024-09-17,RELIANCE,1474.0,1477.47,1466.62,1472.3,5935328
2024-09-18,RELIANCE,1470.0,1482.0,1460.55,1463.45,8574714
2024-09-19,RELIANCE,1466.25,1476.5,1455.55,1469.68,16955902
2024-09-20,RELIANCE,1474.0,1495.0,1471.38,1485.93,30897320
2024-09-23,RELIANCE,1491.0,1501.5,1488.95,1493.38,8832314
2024-09-24,RELIANCE,1488.5,1500.5,1487.88,1489.38,17137444
2024-09-25,RELIANCE,1483.9,1496.5,1480.2,1493.95,7069002
2024-09-26,RELIANCE,1490.65,1504.0,1488.05,1497.95,18818998
2024-09-27,RELIANCE,1499.0,1533.47,1492.0,1526.18,20597478
2024-09-30,RELIANCE,1519.4,1524.97,1474.4,1476.57,27008814
2024-10-01,RELIANCE,1480.65,1487.95,1462.82,1464.82,16431642
2024-10-03,RELIANCE,1436.57,1449.4,1402.07,1406.97,37757294
2024-10-04,RELIANCE,1403.93,1417.35,1381.78,1386.53,37072876
2024-10-07,RELIANCE,1393.5,1396.5,1361.38,1370.72,22181340
2024-10-08,RELIANCE,1372.97,1401.0,1365.1,1397.35,17020808
2024-10-09,RELIANCE,1397.53,1400.97,1372.5,1374.6,14310610
2024-10-10,RELIANCE,1380.03,1386.0,1369.43,1371.05,22358646
2024-10-11,RELIANCE,1370.0,1383.28,1368.82,1372.1,7980122
2024-10-14,RELIANCE,1379.45,1380.07,1368.25,1372.53,12221432
2024-10-15,RELIANCE,1358.53,1371.7,1340.7,1344.03,33762794
2024-10-16,RELIANCE,1340.0,1364.0,1337.62,1354.07,20034438
2024-10-17,RELIANCE,1365.7,1368.45,1352.05,1356.43,15543660
2024-10-18,RELIANCE,1352.18,1368.43,1341.32,1359.3,12082452
2024-10-21,RELIANCE,1367.12,1374.0,1357.72,1369.2,14067408
2024-10-22,RELIANCE,1369.2,1376.0,1340.22,1343.35,15831960
2024-10-23,RELIANCE,1337.5,1357.47,1335.0,1338.53,17214742
2024-10-24,RELIANCE,1335.28,1343.7,1323.12,1339.8,22155934
2024-10-25,RELIANCE,1343.5,1344.35,1322.0,1327.85,18597496
2024-10-28,RELIANCE,1337.0,1353.0,1322.1,1334.35,10824350
2024-10-29,RELIANCE,1328.1,1343.2,1320.3,1340.0,12008361
2024-10-30,RELIANCE,1335.0,1350.0,1325.35,1343.9,11984423
2024-10-31,RELIANCE,1340.0,1343.0,1326.15,1332.05,9331650
2024-11-01,RELIANCE,1333.05,1341.95,1333.0,1338.65,2127335
2024-11-04,RELIANCE,1337.85,1340.0,1285.1,1302.15,19796890
2024-11-05,RELIANCE,1293.0,1309.55,1286.15,1305.3,16267479
2024-11-06,RELIANCE,1310.0,1328.3,1300.2,1325.35,21625209
2024-11-07,RELIANCE,1324.0,1324.0,1302.6,1305.65,9611974
2024-11-08,RELIANCE,1297.65,1301.65,1275.0,1283.75,19814406
2024-11-11,RELIANCE,1278.95,1286.0,1267.0,1272.7,9056552
2024-11-12,RELIANCE,1275.55,1289.3,1267.5,1274.25,10671091
2024-11-13,RELIANCE,1270.25,1275.45,1249.5,1252.05,14633633
2024-11-14,RELIANCE,1253.6,1272.6,1251.1,1267.6,12612633
2024-11-18,RELIANCE,1267.6,1272.9,1243.9,1260.75,13620611
2024-11-19,RELIANCE,1260.75,1281.5,1235.15,1241.65,14183746
2024-11-21,RELIANCE,1241.65,1243.95,1217.25,1223.0,19433843
2024-11-22,RELIANCE,1229.4,1268.85,1222.45,1265.4,20471957
2024-11-25,RELIANCE,1290.0,1304.45,1282.45,1287.0,28923341
2024-11-26,RELIANCE,1294.95,1297.85,1284.2,1295.7,9247557
2024-11-27,RELIANCE,1293.5,1303.85,1286.0,1293.2,9572746
2024-11-28,RELIANCE,1289.95,1296.6,1269.05,1270.8,15027412
2024-11-29,RELIANCE,1280.0,1299.5,1275.25,1292.2,13202307
2024-12-02,RELIANCE,1288.0,1311.35,1277.05,1309.15,11024152
2024-12-03,RELIANCE,1317.0,1326.8,1307.0,1323.3,16869482
2024-12-04,RELIANCE,1326.0,1328.4,1304.05,1308.95,19608540
2024-12-05,RELIANCE,1314.35,1329.95,1306.15,1322.05,16858723
2024-12-06,RELIANCE,1323.9,1323.9,1310.0,1311.55,9037514
2024-12-09,RELIANCE,1303.0,1315.0,1293.1,1295.15,14650002
2024-12-10,RELIANCE,1289.25,1294.9,1280.2,1284.85,16043729
2024-12-11,RELIANCE,1285.0,1290.0,1276.05,1278.2,11724373
2024-12-12,RELIANCE,1270.0,1278.2,1260.6,1262.9,20906813
2024-12-13,RELIANCE,1260.0,1275.2,1239.6,1272.85,28630222
2024-12-16,RELIANCE,1275.0,1281.0,1266.55,1268.3,9486781
2024-12-17,RELIANCE,1261.05,1263.9,1242.8,1245.3,17462791
2024-12-18,RELIANCE,1240.65,1259.95,1240.65,1253.25,12670179
2024-12-19,RELIANCE,1239.0,1244.9,1229.0,1230.45,14244653
2024-12-20,RELIANCE,1224.0,1239.5,1201.5,1205.3,20312896
2024-12-23,RELIANCE,1215.0,1227.2,1213.2,1222.3,10052824
2024-12-24,RELIANCE,1222.3,1233.55,1221.0,1222.75,6734917
2024-12-26,RELIANCE,1224.25,1227.7,1214.25,1216.55,10016178
2024-12-27,RELIANCE,1218.3,1227.9,1217.0,1221.05,7000397
2024-12-30,RELIANCE,1216.4,1223.2,1208.1,1210.7,8818766
2024-12-31,RELIANCE,1208.0,1219.1,1206.15,1215.45,6405475
2025-01-01,RELIANCE,1214.85,1226.3,1211.6,1221.25,5892590
2025-01-02,RELIANCE,1221.25,1244.45,1220.0,1241.8,15486276
2025-01-03,RELIANCE,1243.9,1262.05,1235.5,1251.15,15521102
2025-01-06,RELIANCE,1253.95,1262.0,1215.0,1218.0,14816766
2025-01-07,RELIANCE,1222.0,1244.5,1221.25,1240.85,10070505
2025-01-08,RELIANCE,1249.0,1271.05,1245.35,1265.5,19346579
2025-01-09,RELIANCE,1267.0,1269.75,1248.05,1254.75,12794704
2025-01-10,RELIANCE,1253.85,1256.75,1236.0,1241.9,8120332
2025-01-13,RELIANCE,1230.0,1245.25,1226.4,1239.85,13764861
2025-01-14,RELIANCE,1244.1,1253.35,1227.25,1238.75,13095266
2025-01-15,RELIANCE,1244.95,1257.0,1241.85,1252.2,9578856
2025-01-16,RELIANCE,1258.9,1275.0,1251.3,1266.45,14117603
2025-01-17,RELIANCE,1322.25,1326.0,1285.0,1302.35,29366277
2025-01-20,RELIANCE,1316.0,1316.0,1300.25,1305.45,14040244
2025-01-21,RELIANCE,1310.5,1313.0,1270.2,1273.7,14562976
2025-01-22,RELIANCE,1278.3,1282.9,1268.7,1277.1,10273590
2025-01-23,RELIANCE,1270.0,1277.35,1261.6,1263.65,8720682
2025-01-24,RELIANCE,1266.0,1273.0,1243.5,1246.3,14235970
2025-01-27,RELIANCE,1239.1,1240.45,1220.0,1229.35,9536019
2025-01-28,RELIANCE,1238.0,1244.75,1218.5,1234.4,10568025
2025-01-29,RELIANCE,1236.0,1242.75,1228.05,1235.5,5928156
2025-01-30,RELIANCE,1235.55,1257.0,1232.4,1253.05,9269259
2025-01-31,RELIANCE,1255.85,1267.0,1249.0,1265.1,6584612
2025-02-01,RELIANCE,1265.1,1270.55,1241.0,1264.6,7118453
2025-02-03,RELIANCE,1251.0,1256.0,1237.55,1245.9,9252345
2025-02-04,RELIANCE,1248.05,1288.8,1246.6,1285.2,16691069
2025-02-05,RELIANCE,1282.65,1290.5,1276.7,1278.2,10112028
2025-02-06,RELIANCE,1273.7,1288.0,1270.35,1281.55,9956001
2025-02-07,RELIANCE,1276.15,1283.7,1262.0,1266.7,8764283
2025-02-10,RELIANCE,1264.5,1266.5,1245.55,1253.65,6970972
2025-02-11,RELIANCE,1264.55,1264.55,1230.1,1234.85,8859714
2025-02-12,RELIANCE,1219.45,1226.9,1193.35,1216.55,21131654
2025-02-13,RELIANCE,1217.05,1228.0,1212.0,1216.1,8511216
2025-02-14,RELIANCE,1219.0,1224.0,1205.45,1217.25,10298145
2025-02-17,RELIANCE,1211.1,1227.5,1204.5,1224.9,8166683
2025-02-18,RELIANCE,1224.85,1229.9,1216.1,1225.4,6673250
2025-02-19,RELIANCE,1219.5,1232.75,1217.55,1227.45,6217338
2025-02-20,RELIANCE,1223.95,1239.35,1222.0,1233.0,7795582
2025-02-21,RELIANCE,1228.7,1240.0,1222.15,1228.15,6904025
2025-02-24,RELIANCE,1216.55,1223.25,1210.5,1214.55,7172498
2025-02-25,RELIANCE,1211.0,1221.0,1201.5,1204.0,11552182
2025-02-27,RELIANCE,1212.8,1215.0,1200.65,1207.1,11509215
2025-02-28,RELIANCE,1202.0,1217.35,1193.3,1200.1,23007298
2025-03-03,RELIANCE,1204.0,1206.45,1156.0,1171.25,17944938
2025-03-04,RELIANCE,1162.2,1174.0,1159.55,1161.9,11377373
2025-03-05,RELIANCE,1161.0,1183.0,1157.0,1175.6,8664095
2025-03-06,RELIANCE,1197.0,1213.95,1185.15,1209.6,14468014
2025-03-07,RELIANCE,1216.0,1254.8,1212.0,1249.8,16474965
2025-03-10,RELIANCE,1245.0,1258.0,1235.4,1238.4,11931051
2025-03-11,RELIANCE,1240.0,1249.5,1229.75,1247.3,10089838
2025-03-12,RELIANCE,1258.0,1263.0,1244.0,1257.05,11977555
2025-03-13,RELIANCE,1260.05,1264.15,1243.85,1247.9,9505270
2025-03-17,RELIANCE,1242.15,1257.4,1233.1,1238.85,16640917
2025-03-18,RELIANCE,1238.85,1238.85,1238.85,1238.85,0
2025-03-19,RELIANCE,1241.05,1253.25,1238.8,1247.15,16162399
2025-03-20,RELIANCE,1251.85,1273.0,1250.05,1269.15,15971477
2025-03-21,RELIANCE,1275.0,1281.0,1270.1,1276.35,21780769
2025-03-24,RELIANCE,1291.0,1306.0,1284.25,1302.1,20299319
2025-03-25,RELIANCE,1307.7,1307.7,1282.6,1285.45,13713899
2025-03-26,RELIANCE,1291.0,1293.8,1268.75,1273.05,12074747
2025-03-27,RELIANCE,1278.15,1285.0,1271.3,1278.2,15028056
2025-03-28,RELIANCE,1280.0,1295.75,1269.0,1275.1,18147129
2025-04-01,RELIANCE,1264.6,1277.9,1249.3,1252.6,12099648
2025-04-02,RELIANCE,1247.55,1255.55,1243.9,1251.15,10142590
2025-04-03,RELIANCE,1233.05,1251.8,1233.05,1248.7,7434366
2025-04-04,RELIANCE,1241.1,1245.45,1193.15,1204.7,17908652
2025-04-07,RELIANCE,1132.2,1171.25,1114.85,1165.7,22156106
2025-04-08,RELIANCE,1172.0,1196.6,1163.3,1182.2,19555040
2025-04-09,RELIANCE,1169.5,1189.8,1168.0,1185.35,10223104
2025-04-11,RELIANCE,1195.15,1222.65,1195.15,1218.95,11224242
2025-04-15,RELIANCE,1251.0,1251.0,1237.1,1240.1,13378535
2025-04-16,RELIANCE,1234.1,1240.9,1229.0,1239.3,8248464
2025-04-17,RELIANCE,1240.2,1280.2,1227.6,1274.5,15398401
2025-04-21,RELIANCE,1270.0,1300.9,1267.0,1295.5,10429964
2025-04-22,RELIANCE,1300.0,1303.9,1286.3,1291.2,13051707
2025-04-23,RELIANCE,1297.0,1306.0,1285.4,1300.0,10480888
2025-04-24,RELIANCE,1292.4,1304.5,1290.3,1301.6,10468940
2025-04-25,RELIANCE,1303.5,1325.2,1288.1,1300.4,14431012
2025-04-28,RELIANCE,1340.0,1374.6,1320.2,1368.8,31104496
2025-04-29,RELIANCE,1371.0,1410.9,1370.0,1399.7,32538970
2025-04-30,RELIANCE,1402.0,1412.4,1369.0,1405.0,25480745
2025-05-02,RELIANCE,1414.0,1426.7,1409.1,1419.8,13007841
2025-05-05,RELIANCE,1431.0,1439.5,1426.9,1431.3,12685649
2025-05-06,RELIANCE,1431.0,1432.0,1410.6,1420.9,14084117
2025-05-07,RELIANCE,1420.9,1424.4,1402.7,1406.0,13440169
2025-05-08,RELIANCE,1404.1,1420.8,1398.0,1407.0,16106175
2025-05-09,RELIANCE,1385.5,1394.8,1374.5,1377.2,13668904
2025-05-12,RELIANCE,1400.0,1439.0,1400.0,1436.5,10674081
2025-05-13,RELIANCE,1433.5,1447.7,1412.4,1415.7,11407896
2025-05-14,RELIANCE,1420.0,1429.9,1415.5,1424.4,5570160
2025-05-15,RELIANCE,1425.0,1461.4,1412.7,1454.2,20177211
2025-05-16,RELIANCE,1453.2,1461.0,1447.3,1456.4,9036695
2025-05-19,RELIANCE,1452.1,1454.6,1438.2,1440.8,6195791
2025-05-20,RELIANCE,1438.2,1445.0,1421.8,1424.6,11270560
2025-05-21,RELIANCE,1423.9,1436.2,1418.1,1429.2,6136364
2025-05-22,RELIANCE,1421.2,1423.8,1396.9,1409.4,12134466
2025-05-23,RELIANCE,1406.6,1433.8,1406.6,1426.8,6474883
2025-05-26,RELIANCE,1432.0,1441.0,1425.1,1434.8,4842944
2025-05-27,RELIANCE,1426.1,1437.0,1413.9,1422.1,12640414
2025-05-28,RELIANCE,1420.1,1422.6,1410.7,1412.9,5944611
2025-05-29,RELIANCE,1412.1,1420.0,1408.6,1417.8,13771917
2025-05-30,RELIANCE,1418.0,1430.6,1409.7,1420.9,13788484
2025-06-02,RELIANCE,1412.1,1417.5,1395.6,1413.7,8098668
2025-06-03,RELIANCE,1422.3,1426.5,1403.4,1405.5,11252626
2025-06-04,RELIANCE,1414.7,1425.7,1406.1,1423.5,8126827
2025-06-05,RELIANCE,1428.0,1454.7,1423.6,1442.4,13716817
2025-06-06,RELIANCE,1441.0,1451.5,1437.0,1443.5,8182161
2025-06-09,RELIANCE,1457.0,1457.5,1445.3,1448.8,7885125
2025-06-10,RELIANCE,1450.0,1453.9,1436.0,1438.5,7913181
2025-06-11,RELIANCE,1445.8,1468.6,1443.1,1448.9,8195700
2025-06-12,RELIANCE,1453.5,1457.0,1434.4,1441.6,8828114
2025-06-13,RELIANCE,1424.0,1435.5,1414.3,1427.9,9757276
2025-06-16,RELIANCE,1426.9,1442.4,1424.4,1437.8,8458093
2025-06-17,RELIANCE,1448.0,1448.0,1425.8,1431.2,10366599
2025-06-18,RELIANCE,1430.0,1442.8,1425.7,1430.1,6681735
2025-06-19,RELIANCE,1430.1,1439.9,1425.7,1433.3,10007230
2025-06-20,RELIANCE,1431.0,1471.0,1428.1,1466.2,29010635
2025-06-23,RELIANCE,1453.0,1463.8,1442.0,1456.8,5989078
2025-06-24,RELIANCE,1465.0,1475.0,1443.1,1450.8,16402744
2025-06-25,RELIANCE,1464.0,1472.4,1460.5,1467.3,7525851
2025-06-26,RELIANCE,1469.1,1498.8,1465.1,1495.3,14657893
2025-06-27,RELIANCE,1499.4,1522.0,1496.9,1515.4,11117052
2025-06-30,RELIANCE,1513.8,1524.8,1496.0,1500.6,8409527
2025-07-01,RELIANCE,1500.6,1531.4,1500.1,1528.4,10368523
2025-07-02,RELIANCE,1528.4,1530.0,1508.7,1518.8,6361002
2025-07-03,RELIANCE,1520.8,1531.9,1513.0,1517.8,11283291
2025-07-04,RELIANCE,1524.0,1530.0,1517.2,1527.3,6603501
2025-07-07,RELIANCE,1526.6,1544.8,1525.0,1541.5,7251074
2025-07-08,RELIANCE,1536.0,1544.9,1530.2,1537.6,7171261
2025-07-09,RELIANCE,1536.7,1551.0,1510.1,1519.0,8870660
2025-07-10,RELIANCE,1519.7,1524.7,1507.5,1517.2,10047129
2025-07-11,RELIANCE,1512.0,1515.0,1490.3,1495.2,7234991
2025-07-14,RELIANCE,1492.2,1500.0,1479.1,1483.7,10311846
2025-07-15,RELIANCE,1486.2,1496.5,1482.4,1485.4,8132454
2025-07-16,RELIANCE,1473.0,1491.0,1471.5,1485.6,10409983
2025-07-17,RELIANCE,1487.4,1489.6,1473.9,1476.4,11854613
2025-07-18,RELIANCE,1484.8,1484.8,1469.1,1476.0,10296318
2025-07-21,RELIANCE,1465.0,1476.0,1423.1,1428.6,22442744
2025-07-22,RELIANCE,1427.4,1431.9,1410.7,1412.8,20396320
2025-07-23,RELIANCE,1426.0,1426.0,1414.4,1424.6,8354596
2025-07-24,RELIANCE,1419.2,1423.0,1396.0,1402.9,14740507
2025-07-25,RELIANCE,1398.9,1401.0,1384.1,1391.7,11854722
2025-07-28,RELIANCE,1392.3,1407.8,1385.0,1387.6,7748361
2025-07-29,RELIANCE,1383.0,1420.2,1383.0,1417.1,10750072
2025-07-30,RELIANCE,1418.1,1423.3,1401.3,1410.1,7209849
2025-07-31,RELIANCE,1388.1,1402.6,1382.2,1390.2,17065827
2025-08-01,RELIANCE,1386.9,1405.9,1384.3,1393.7,10321171
2025-08-04,RELIANCE,1395.1,1416.1,1391.7,1411.5,6312820
2025-08-05,RELIANCE,1411.0,1411.0,1388.1,1391.7,9315972
2025-08-06,RELIANCE,1391.9,1395.9,1383.3,1392.8,5834312
2025-08-07,RELIANCE,1387.7,1393.7,1366.0,1389.4,9976705
2025-08-08,RELIANCE,1385.0,1397.2,1365.0,1367.8,8793606
2025-08-11,RELIANCE,1370.0,1388.0,1361.2,1386.2,9997486
2025-08-12,RELIANCE,1381.9,1401.9,1375.2,1380.4,12244664
2025-08-13,RELIANCE,1388.0,1391.8,1377.5,1382.6,7457021
2025-08-14,RELIANCE,1377.3,1380.7,1370.1,1373.8,7126128
2025-08-18,RELIANCE,1390.0,1394.9,1377.0,1381.7,11785109
2025-08-19,RELIANCE,1390.0,1421.0,1389.1,1420.1,14384719
2025-08-20,RELIANCE,1413.0,1424.9,1410.0,1413.0,8725641
2025-08-21,RELIANCE,1425.0,1431.9,1420.3,1424.8,11021323
2025-08-22,RELIANCE,1420.0,1423.4,1407.9,1409.2,5818868
2025-08-25,RELIANCE,1414.7,1419.5,1405.7,1412.6,5979407
2025-08-26,RELIANCE,1408.0,1410.0,1381.6,1384.9,12145259
2025-08-28,RELIANCE,1389.9,1392.2,1366.5,1385.9,13161813
2025-08-29,RELIANCE,1381.1,1403.5,1350.0,1357.2,18758842
2025-09-01,RELIANCE,1356.0,1363.2,1340.6,1353.9,11232238
2025-09-02,RELIANCE,1354.8,1384.5,1354.5,1366.5,11517006
2025-09-03,RELIANCE,1369.7,1376.5,1360.5,1372.6,7847563
2025-09-04,RELIANCE,1371.8,1374.0,1357.1,1359.3,13223177
2025-09-05,RELIANCE,1363.0,1381.0,1359.3,1375.0,5777575
2025-09-08,RELIANCE,1380.0,1386.0,1372.4,1378.5,6986720
2025-09-09,RELIANCE,1376.6,1381.2,1368.7,1376.2,9754452
2025-09-10,RELIANCE,1383.9,1388.5,1374.1,1377.0,7790815
2025-09-11,RELIANCE,1376.0,1385.5,1375.0,1383.3,9766072
2025-09-12,RELIANCE,1383.3,1396.3,1380.5,1395.0,7403368
2025-09-15,RELIANCE,1393.0,1400.8,1388.6,1399.3,5396697
2025-09-16,RELIANCE,1404.7,1408.0,1398.2,1405.3,8686961
2025-09-17,RELIANCE,1407.0,1416.2,1406.9,1413.8,7519417
2025-09-18,RELIANCE,1420.4,1422.0,1410.7,1415.0,9332642
2025-09-19,RELIANCE,1414.9,1417.0,1403.6,1407.4,13461373
2025-09-22,RELIANCE,1403.9,1410.7,1388.0,1390.6,7757970
2025-09-23,RELIANCE,1391.0,1395.0,1376.8,1389.8,14014702
2025-09-24,RELIANCE,1385.3,1396.0,1380.4,1383.0,5922759
2025-09-25,RELIANCE,1381.3,1384.5,1369.0,1372.4,11411143
2025-09-26,RELIANCE,1372.0,1382.7,1366.0,1377.6,9879109
2025-09-29,RELIANCE,1381.6,1389.0,1368.0,1372.8,14231999
2025-09-30,RELIANCE,1377.1,1377.1,1362.8,1364.0,14604684
2025-10-01,RELIANCE,1367.0,1378.6,1362.7,1368.7,12045916
2025-10-03,RELIANCE,1363.2,1371.6,1356.9,1363.4,12842347
2025-10-06,RELIANCE,1360.0,1377.4,1359.0,1375.0,12396580
2025-10-07,RELIANCE,1376.0,1395.9,1375.9,1384.8,11244040
2025-10-08,RELIANCE,1384.8,1389.0,1364.5,1367.4,8525081
2025-10-09,RELIANCE,1374.0,1380.0,1369.1,1377.8,8826633
2025-10-10,RELIANCE,1377.8,1388.0,1375.1,1381.7,6373084
2025-10-13,RELIANCE,1376.9,1377.7,1367.8,1375.0,7600682
2025-10-14,RELIANCE,1380.0,1388.0,1370.1,1375.9,9768174
2025-10-15,RELIANCE,1383.0,1384.0,1372.7,1374.3,10882743
2025-10-16,RELIANCE,1375.1,1400.5,1375.0,1398.3,12315932
2025-10-17,RELIANCE,1401.0,1423.3,1399.1,1416.8,19335561
2025-10-20,RELIANCE,1440.0,1473.8,1433.3,1466.8,24721978
2025-10-21,RELIANCE,1468.0,1474.0,1460.0,1465.2,2066169
2025-10-23,RELIANCE,1475.0,1482.9,1444.6,1448.4,18707090
2025-10-24,RELIANCE,1450.0,1459.8,1441.0,1451.6,9700837
2025-10-27,RELIANCE,1463.0,1485.0,1458.0,1484.1,14113867
2025-10-28,RELIANCE,1484.1,1492.0,1477.6,1486.9,17631577
2025-10-29,RELIANCE,1490.0,1508.3,1488.1,1504.2,11884745
2025-10-30,RELIANCE,1500.0,1503.1,1484.0,1488.5,9318663
2025-10-31,RELIANCE,1490.4,1497.5,1482.3,1486.4,8758053
2025-11-03,RELIANCE,1486.0,1495.0,1479.3,1484.7,8452085
2025-11-04,RELIANCE,1483.9,1492.8,1470.1,1473.1,10007806
2025-11-06,RELIANCE,1484.0,1501.6,1476.2,1496.1,16772678
2025-11-07,RELIANCE,1494.6,1498.4,1475.9,1478.0,7821765
2025-11-10,RELIANCE,1477.9,1501.0,1475.5,1489.3,7068438
2025-11-11,RELIANCE,1497.0,1498.8,1480.2,1493.4,7127506
2025-11-12,RELIANCE,1505.0,1524.7,1500.0,1511.5,12384459
2025-11-13,RELIANCE,1515.0,1522.1,1506.8,1510.9,7196443
2025-11-14,RELIANCE,1505.5,1520.9,1505.5,1518.9,7682823
2025-11-17,RELIANCE,1520.9,1523.7,1511.5,1518.3,5871416
2025-11-18,RELIANCE,1521.7,1527.8,1510.5,1519.4,11045042
2025-11-19,RELIANCE,1517.4,1522.3,1512.0,1518.9,5692366
2025-11-20,RELIANCE,1530.0,1550.9,1526.7,1549.1,18171724
2025-11-21,RELIANCE,1541.0,1557.8,1540.1,1546.6,9615271
2025-11-24,RELIANCE,1550.0,1550.0,1531.8,1535.9,18433951
2025-11-25,RELIANCE,1535.9,1559.6,1525.1,1539.7,15033482
2025-11-26,RELIANCE,1542.3,1571.6,1540.5,1569.9,14054299
2025-11-27,RELIANCE,1575.0,1575.5,1556.0,1563.4,9794643
2025-11-28,RELIANCE,1568.0,1581.3,1563.0,1567.5,8959508
2025-12-01,RELIANCE,1575.0,1577.5,1563.6,1566.1,8920233
2025-12-02,RELIANCE,1561.1,1567.5,1542.0,1546.3,11389150
2025-12-03,RELIANCE,1545.2,1552.4,1533.0,1538.8,6090883
2025-12-04,RELIANCE,1536.0,1560.5,1517.6,1535.6,11867930
2025-12-05,RELIANCE,1530.4,1545.8,1520.6,1540.6,10183266
2025-12-08,RELIANCE,1539.2,1551.0,1535.0,1543.0,11301491
2025-12-09,RELIANCE,1540.3,1542.5,1520.1,1529.4,11503971
2025-12-10,RELIANCE,1534.0,1547.5,1531.4,1536.9,7991629
2025-12-11,RELIANCE,1536.9,1550.0,1524.0,1545.0,4706197
2025-12-12,RELIANCE,1550.8,1559.8,1546.1,1556.5,5106655
2025-12-15,RELIANCE,1551.2,1558.6,1546.5,1556.2,5774543
2025-12-16,RELIANCE,1545.0,1551.7,1538.8,1542.3,11731856
2025-12-17,RELIANCE,1550.0,1550.0,1539.3,1544.4,7116649
2025-12-18,RELIANCE,1535.2,1551.5,1535.2,1544.4,6580829
2025-12-19,RELIANCE,1554.4,1574.2,1551.0,1565.1,13937275
2025-12-22,RELIANCE,1573.5,1577.5,1565.3,1575.4,10184852
2025-12-23,RELIANCE,1580.9,1580.9,1568.1,1570.7,7506564
2025-12-24,RELIANCE,1572.7,1575.7,1553.6,1558.2,8815745
2025-12-26,RELIANCE,1554.7,1561.0,1554.3,1559.2,2311495
2025-12-29,RELIANCE,1554.9,1558.1,1543.6,1545.6,5972105
2025-12-30,RELIANCE,1547.0,1553.6,1537.8,1539.8,8815884
2025-12-31,RELIANCE,1541.0,1577.0,1541.0,1570.4,5771830
2026-01-01,RELIANCE,1573.7,1592.5,1571.1,1575.6,6408128
2026-01-02,RELIANCE,1580.0,1594.6,1578.2,1592.3,6602230
2026-01-05,RELIANCE,1593.0,1611.8,1575.3,1578.1,8704973
2026-01-06,RELIANCE,1569.0,1569.0,1496.3,1507.6,27417125
2026-01-07,RELIANCE,1510.0,1520.0,1498.0,1504.2,11199340
2026-01-08,RELIANCE,1500.0,1503.9,1468.8,1470.6,16518684
2026-01-09,RELIANCE,1465.0,1479.9,1465.0,1475.3,8335311
2026-01-12,RELIANCE,1475.3,1485.3,1451.0,1483.2,8883745
2026-01-13,RELIANCE,1485.0,1485.8,1444.7,1452.8,13499760
2026-01-14,RELIANCE,1444.0,1467.0,1440.2,1458.8,8321764
2026-01-15,RELIANCE,1458.8,1458.8,1458.8,1458.8,0
2026-01-16,RELIANCE,1458.8,1480.0,1455.1,1457.9,17167161
2026-01-19,RELIANCE,1450.6,1450.6,1403.3,1413.6,20392765
2026-01-20,RELIANCE,1410.7,1416.0,1390.0,1394.0,13189498
2026-01-21,RELIANCE,1389.5,1412.9,1373.0,1404.6,17352720
2026-01-22,RELIANCE,1410.1,1419.5,1395.0,1402.5,15721693
2026-01-23,RELIANCE,1401.8,1407.0,1381.0,1386.1,9837802
2026-01-27,RELIANCE,1380.0,1391.6,1368.0,1380.5,26302396
2026-01-28,RELIANCE,1385.0,1409.9,1384.9,1396.7,11121657
2026-01-29,RELIANCE,1402.9,1402.9,1384.0,1391.0,20846683
2026-01-30,RELIANCE,1382.6,1398.0,1378.5,1395.4,11239835
2026-02-02,RELIANCE,1340.0,1392.9,1335.5,1390.4,15711165
2026-02-03,RELIANCE,1473.9,1489.5,1430.2,1437.1,25456171
2026-02-04,RELIANCE,1444.0,1464.0,1440.3,1456.8,8333387
2026-02-05,RELIANCE,1457.0,1461.5,1439.5,1443.4,11763658
2026-02-06,RELIANCE,1441.5,1452.8,1433.5,1450.8,8277304
2026-02-09,RELIANCE,1458.0,1465.9,1453.0,1461.6,5775864
2026-02-10,RELIANCE,1471.0,1471.0,1452.2,1458.5,10259630
2026-02-11,RELIANCE,1459.6,1470.0,1453.6,1468.7,7106877
2026-02-12,RELIANCE,1470.0,1473.0,1445.5,1448.9,11135399
2026-02-13,RELIANCE,1445.5,1450.7,1416.3,1419.6,10755693
2026-02-16,RELIANCE,1420.1,1439.6,1409.3,1437.1,5896514
2026-02-17,RELIANCE,1431.1,1431.8,1418.6,1423.0,10731630
2026-02-18,RELIANCE,1427.0,1442.1,1419.2,1441.3,5521096
2026-02-19,RELIANCE,1443.0,1443.0,1400.0,1409.5,11884664
2026-02-20,RELIANCE,1409.5,1427.4,1406.1,1419.4,8177670
2026-02-23,RELIANCE,1425.0,1434.9,1418.3,1428.0,7758856
2026-02-24,RELIANCE,1425.3,1433.3,1415.0,1428.8,12529409
2026-02-25,RELIANCE,1435.0,1440.5,1393.5,1398.5,10728792
2026-02-26,RELIANCE,1398.5,1412.9,1391.9,1406.8,16683858
2026-02-27,RELIANCE,1398.0,1410.4,1388.1,1393.9,12031440
2026-03-02,RELIANCE,1375.5,1378.6,1341.5,1358.0,23728722
2026-03-04,RELIANCE,1330.0,1352.8,1307.0,1345.0,32495007
2026-03-05,RELIANCE,1353.1,1399.0,1353.1,1389.4,25957532
2026-03-06,RELIANCE,1396.5,1424.3,1390.3,1404.8,19311971
2026-03-09,RELIANCE,1375.0,1429.4,1370.0,1424.0,24870822
2026-03-10,RELIANCE,1430.6,1431.5,1400.6,1408.8,18071259
2026-03-11,RELIANCE,1424.9,1434.0,1383.6,1390.2,21848087
2026-03-12,RELIANCE,1390.0,1410.9,1381.1,1392.2,20939959
2026-03-13,RELIANCE,1385.2,1400.8,1378.4,1380.7,17265090
2026-03-16,RELIANCE,1380.0,1397.3,1363.5,1395.1,22837802
2026-03-17,RELIANCE,1399.0,1405.9,1388.2,1397.6,19007744
2026-03-18,RELIANCE,1397.2,1412.9,1397.2,1408.1,9559327
2026-03-19,RELIANCE,1388.0,1415.7,1376.1,1384.8,16498373
2026-03-20,RELIANCE,1398.0,1430.0,1396.1,1414.4,22994918
2026-03-23,RELIANCE,1400.0,1415.6,1391.0,1407.8,18979554
2026-03-24,RELIANCE,1420.0,1422.4,1406.6,1411.8,18620893
2026-03-25,RELIANCE,1420.0,1430.5,1408.4,1413.1,19041331
2026-03-27,RELIANCE,1401.0,1404.7,1345.0,1348.1,23266517
2026-03-30,RELIANCE,1335.0,1365.0,1334.1,1343.9,24393861
2026-04-01,RELIANCE,1384.2,1384.4,1362.9,1369.2,14404619
2026-04-02,RELIANCE,1357.0,1358.2,1328.0,1350.5,21280051
2026-04-06,RELIANCE,1359.0,1359.0,1290.0,1304.7,29274881
2026-04-07,RELIANCE,1295.0,1308.3,1291.0,1304.6,28388922
2026-04-08,RELIANCE,1349.0,1350.6,1326.2,1347.8,21817543
2026-04-09,RELIANCE,1346.0,1350.0,1326.3,1330.0,20725390
2026-04-10,RELIANCE,1337.0,1352.3,1331.5,1350.2,19364461
2026-04-13,RELIANCE,1321.2,1327.6,1310.0,1315.1,28753269
2026-04-15,RELIANCE,1337.0,1347.0,1334.2,1344.1,15313779
2026-04-16,RELIANCE,1352.0,1353.8,1330.0,1343.3,30211012
2026-04-17,RELIANCE,1340.0,1368.4,1340.0,1365.0,13869105
2026-04-20,RELIANCE,1363.2,1373.0,1352.8,1363.3,13614733
2026-04-21,RELIANCE,1359.0,1369.8,1350.1,1353.3,27293629
2026-04-22,RELIANCE,1350.3,1366.0,1349.1,1362.1,9525953
2026-04-23,RELIANCE,1346.0,1355.5,1340.7,1343.4,16385079
2026-04-24,RELIANCE,1340.0,1345.9,1325.0,1327.8,11744802
2026-04-27,RELIANCE,1313.0,1371.6,1311.0,1365.8,24673098
2026-04-28,RELIANCE,1358.0,1395.2,1357.0,1388.9,41027699
2026-04-29,RELIANCE,1392.0,1433.8,1391.3,1425.4,30542143
2026-04-30,RELIANCE,1409.0,1437.0,1393.1,1430.8,30957881
2026-05-01,RELIANCE,1430.8,1430.8,1430.8,1430.8,0
2026-05-04,RELIANCE,1433.4,1467.4,1433.4,1463.1,24035700
2026-05-05,RELIANCE,1460.0,1473.4,1450.0,1463.6,23543341
2026-05-06,RELIANCE,1463.0,1473.3,1427.5,1437.9,14221786
2026-05-07,RELIANCE,1438.8,1449.5,1430.3,1436.2,19816903
2026-05-08,RELIANCE,1426.0,1442.8,1417.5,1435.2,8663105
2026-05-11,RELIANCE,1420.0,1428.0,1382.0,1388.2,15261787
2026-05-12,RELIANCE,1392.0,1393.5,1360.3,1364.0,24357500
2026-05-13,RELIANCE,1361.4,1372.4,1352.4,1358.8,13797989
2026-05-14,RELIANCE,1365.2,1378.0,1358.4,1361.8,17303059
2026-05-15,RELIANCE,1356.8,1364.8,1329.2,1336.4,19976192
2026-05-18,RELIANCE,1334.0,1342.0,1318.7,1335.9,13022473
2026-05-19,RELIANCE,1338.7,1344.0,1318.4,1322.7,21665501
2026-05-20,RELIANCE,1318.7,1362.9,1312.6,1359.7,13248515
2026-05-21,RELIANCE,1367.2,1370.9,1345.2,1349.6,17150630
2026-05-22,RELIANCE,1350.0,1367.4,1349.1,1354.5,7105813
2026-05-25,RELIANCE,1366.8,1371.1,1357.0,1367.0,6750071
2026-05-26,RELIANCE,1360.1,1368.5,1352.4,1356.3,13769747
2026-05-27,RELIANCE,1353.0,1361.0,1348.6,1350.5,13215138
2026-05-28,RELIANCE,1350.5,1350.5,1350.5,1350.5,0
2026-05-29,RELIANCE,1364.0,1369.0,1317.0,1321.2,42634247
2026-06-01,RELIANCE,1332.5,1335.5,1318.5,1320.0,10700603
2026-06-02,RELIANCE,1307.7,1327.8,1300.3,1314.6,23302785
2026-06-03,RELIANCE,1315.0,1324.0,1301.0,1313.2,20012293
2026-06-04,RELIANCE,1301.0,1311.2,1293.1,1303.7,23474327
2026-06-05,RELIANCE,1304.5,1306.0,1288.0,1291.0,17785223
2026-06-08,RELIANCE,1277.0,1282.6,1259.2,1263.3,16494759
2026-06-09,RELIANCE,1269.0,1274.2,1257.5,1269.2,23620214
2026-06-10,RELIANCE,1275.0,1300.5,1254.4,1258.8,21012796
2026-06-11,RELIANCE,1258.0,1276.0,1253.2,1263.0,13117486
2026-06-12,RELIANCE,1277.0,1297.0,1262.5,1293.0,11988785
2026-06-15,RELIANCE,1315.3,1325.0,1303.3,1307.0,18633321
2026-06-16,RELIANCE,1313.4,1333.4,1306.4,1328.8,18513223
2026-06-17,RELIANCE,1333.0,1334.0,1317.0,1332.7,10029170
2026-06-18,RELIANCE,1330.0,1333.9,1322.0,1328.1,15494549
2026-06-19,RELIANCE,1328.0,1338.2,1305.3,1309.5,24887034
2026-06-22,RELIANCE,1316.7,1344.9,1314.1,1326.5,12931213
2026-06-23,RELIANCE,1328.9,1333.0,1304.0,1309.5,15400184
2026-06-24,RELIANCE,1305.7,1322.0,1297.5,1313.6,11030917
2026-06-25,RELIANCE,1318.0,1328.0,1314.6,1318.1,12694362
2026-06-26,RELIANCE,1318.1,1318.1,1318.1,1318.1,0
2026-06-29,RELIANCE,1308.0,1313.7,1292.6,1301.0,13757656
2026-06-30,RELIANCE,1306.9,1306.9,1290.0,1293.9,15695263
2026-07-01,RELIANCE,1298.9,1312.2,1296.5,1308.0,7001401
2026-07-02,RELIANCE,1310.0,1313.2,1299.0,1303.5,17795024
2026-07-03,RELIANCE,1312.0,1312.0,1302.0,1304.0,7839550
2026-07-06,RELIANCE,1304.0,1325.6,1299.4,1321.3,7610709
2026-07-07,RELIANCE,1323.5,1328.0,1304.1,1308.4,14335554
2026-07-08,RELIANCE,1297.0,1302.3,1271.6,1275.9,19960868
2026-07-09,RELIANCE,1277.1,1296.5,1274.2,1279.8,14651963
2026-07-10,RELIANCE,1291.9,1311.1,1287.8,1307.8,8412537
2026-07-13,RELIANCE,1300.0,1306.4,1295.0,1296.9,9488352
2026-07-14,RELIANCE,1290.0,1308.0,1286.9,1293.0,13511284
2026-07-15,RELIANCE,1294.1,1310.9,1294.1,1295.5,9577965
2026-07-16,RELIANCE,1295.5,1309.4,1291.8,1296.6,15631046
2026-07-17,RELIANCE,1300.0,1330.3,1296.1,1327.2,18302218
2026-07-20,RELIANCE,1317.2,1345.9,1314.9,1323.1,14305844
2026-07-21,RELIANCE,1321.0,1326.9,1302.7,1303.7,12753410
2026-07-22,RELIANCE,1302.0,1304.6,1280.7,1288.6,10840383
2026-07-23,RELIANCE,1283.0,1287.3,1268.0,1272.2,12580741
2026-07-24,RELIANCE,1265.0,1283.4,1249.8,1278.0,9817000
2026-07-27,RELIANCE,1288.2,1288.7,1278.0,1280.0,7163132
2026-07-28,RELIANCE,1275.0,1279.2,1265.9,1267.7,9312184
2026-07-29,RELIANCE,1275.0,1282.4,1268.7,1275.9,9448307
2026-07-30,RELIANCE,1279.8,1297.0,1275.3,1292.9,12158451
2026-07-31,RELIANCE,1295.0,1309.7,1293.6,1307.8,8624996
2026-08-03,RELIANCE,1315.2,1319.0,1306.0,1319.0,7508023
2026-08-04,RELIANCE,1315.0,1315.0,1286.4,1290.9,10759546
2026-08-05,RELIANCE,1293.0,1299.0,1270.1,1280.0,24820782
2026-08-06,RELIANCE,1285.0,1325.2,1281.2,1325.0,20342297
2026-08-07,RELIANCE,1320.0,1337.0,1316.6,1334.8,9885638
2026-08-10,RELIANCE,1330.1,1332.9,1321.3,1327.3,8207102
2026-08-11,RELIANCE,1326.6,1328.7,1314.1,1323.9,9953124
2026-08-12,RELIANCE,1323.9,1329.0,1309.2,1329.0,7901012
2026-08-13,RELIANCE,1327.8,1327.8,1307.2,1317.0,9397301
2026-08-14,RELIANCE,1317.0,1317.5,1301.5,1310.0,10497358
2026-08-17,RELIANCE,1314.0,1320.8,1298.1,1316.0,13383867
2026-08-18,RELIANCE,1314.0,1328.6,1311.2,1322.0,10180567
2026-08-19,RELIANCE,1320.3,1321.6,1303.5,1311.0,7489365
2026-08-20,RELIANCE,1315.5,1316.5,1307.0,1313.2,5546227
2026-08-21,RELIANCE,1314.0,1316.0,1308.0,1316.0,5434871
2026-08-24,RELIANCE,1316.6,1320.0,1302.4,1309.8,7277167
2026-08-25,RELIANCE,1304.3,1317.1,1300.0,1317.0,7115355
2026-08-26,RELIANCE,1310.0,1315.6,1298.0,1298.0,5744474
2026-08-27,RELIANCE,1305.0,1308.4,1282.2,1282.2,11271497
2026-08-28,RELIANCE,1284.9,1291.8,1280.0,1287.0,6830228
2026-08-31,RELIANCE,1278.7,1297.6,1271.0,1277.0,34871137
2026-09-01,RELIANCE,1285.0,1311.8,1280.0,1309.0,12617528
2026-09-02,RELIANCE,1298.0,1321.9,1293.1,1313.1,13497841
2026-09-03,RELIANCE,1313.1,1316.8,1302.5,1302.5,9721454
2026-09-04,RELIANCE,1304.1,1333.0,1304.1,1322.0,13031534
2026-09-07,RELIANCE,1323.1,1324.2,1301.9,1309.5,10210522
2026-09-08,RELIANCE,1304.1,1306.8,1288.0,1294.9,9799528
2026-09-09,RELIANCE,1283.5,1294.7,1277.2,1279.0,12152819
2026-09-10,RELIANCE,1278.5,1285.3,1266.3,1274.0,9296079
2026-09-11,RELIANCE,1267.0,1267.4,1253.0,1257.5,8777736
2026-09-14,RELIANCE,1257.5,1257.5,1257.5,1257.5,0
2026-09-15,RELIANCE,1252.5,1259.4,1235.3,1235.3,13754376
2026-09-16,RELIANCE,1243.0,1255.0,1240.0,1240.0,10023997
2026-09-17,RELIANCE,1244.8,1253.4,1238.5,1243.9,7752895
2026-09-18,RELIANCE,1245.0,1247.3,1226.4,1226.4,15122715
2026-09-21,RELIANCE,1234.1,1249.1,1232.5,1247.4,10007218
2026-09-22,RELIANCE,1247.6,1251.9,1237.4,1240.4,10684376
2026-09-23,RELIANCE,1242.0,1252.8,1238.9,1248.0,8352048
2026-09-24,RELIANCE,1236.6,1241.6,1235.5,1236.7,2858564
